{
  "graph": {
    "0": [
      3,
      4,
      5,
      6,
      10,
      14
    ],
    "4": [
      0,
      11,
      5,
      14
    ],
    "5": [
      0,
      1,
      10,
      4
    ],
    "14": [
      0,
      4
    ],
    "6": [
      0,
      1
    ],
    "3": [
      0,
      1,
      2,
      9
    ],
    "1": [
      10,
      3,
      5,
      6
    ],
    "2": [
      3,
      7,
      8,
      9,
      12
    ],
    "7": [
      2,
      8,
      9,
      12
    ],
    "8": [
      2,
      7
    ],
    "9": [
      2,
      3,
      7,
      12
    ],
    "12": [
      2,
      7,
      9,
      13,
      15
    ],
    "10": [
      0,
      1,
      5
    ],
    "11": [
      4,
      13,
      15
    ],
    "15": [
      11,
      12,
      13
    ],
    "13": [
      11,
      12,
      15
    ]
  },
  "vert_positions": {
    "0": [
      1.358934465434717,
      3.2100158763588045
    ],
    "1": [
      -3.2164055838896832,
      1.6885343947817972
    ],
    "2": [
      -4.319285311012773,
      -4.093027204581126
    ],
    "3": [
      -1.4725605789008336,
      -0.42320676722290074
    ],
    "4": [
      2.9018843536467536,
      3.5742811798535197
    ],
    "5": [
      -1.192449055269619,
      3.4391328062325073
    ],
    "6": [
      -2.626542758541838,
      1.261132961835953
    ],
    "7": [
      -3.8672058391555177,
      -2.8965907968024682
    ],
    "8": [
      -4.304405688700639,
      -2.14541841329683
    ],
    "9": [
      -2.2396627075196696,
      -1.7285906000786664
    ],
    "10": [
      -4.799796583309767,
      4.816512764084578
    ],
    "11": [
      4.944895126404949,
      -1.6933548299082624
    ],
    "12": [
      -1.1831276783216405,
      -2.920008419285649
    ],
    "13": [
      2.215469502615422,
      -4.653619206159176
    ],
    "14": [
      4.873736171955091,
      3.891725580852313
    ],
    "15": [
      3.1672016891063866,
      -1.6557380133549726
    ]
  },
  "agents": [
    0,
    1,
    2,
    3,
    4,
    5,
    6,
    7,
    8,
    9
  ],
  "starts": {
    "0": 15,
    "1": 10,
    "2": 0,
    "3": 14,
    "4": 4,
    "5": 8,
    "6": 9,
    "7": 5,
    "8": 2,
    "9": 1
  },
  "goals": {
    "0": 3,
    "1": 5,
    "2": 8,
    "3": 11,
    "4": 1,
    "5": 2,
    "6": 9,
    "7": 7,
    "8": 12,
    "9": 6
  },
  "size": 0.3
}