{
  "graph": {
    "0": [
      8,
      9,
      11,
      14
    ],
    "11": [
      0,
      9,
      10
    ],
    "8": [
      0,
      2,
      7,
      9,
      10,
      14
    ],
    "9": [
      0,
      8,
      10,
      11
    ],
    "14": [
      0,
      8,
      7
    ],
    "1": [
      3,
      4,
      13,
      15
    ],
    "13": [
      1,
      15,
      7
    ],
    "4": [
      1,
      6
    ],
    "3": [
      1,
      2,
      12,
      6
    ],
    "2": [
      3,
      5,
      8,
      10,
      12
    ],
    "5": [
      2,
      10
    ],
    "12": [
      2,
      3,
      6
    ],
    "10": [
      2,
      5,
      8,
      9,
      11
    ],
    "6": [
      3,
      4,
      12
    ],
    "7": [
      8,
      13,
      14,
      15
    ],
    "15": [
      1,
      13,
      7
    ]
  },
  "vert_positions": {
    "0": [
      3.9186559385659443,
      1.11801972938777
    ],
    "1": [
      -0.4226729050685707,
      -4.4658649430652195
    ],
    "2": [
      -4.649509205316273,
      1.7022634860278076
    ],
    "3": [
      -2.9243030200715223,
      -1.7221672427573989
    ],
    "4": [
      -3.1463881701557495,
      -4.530161774245109
    ],
    "5": [
      -1.9478930804675878,
      2.083428752150339
    ],
    "6": [
      -3.9941524687943075,
      -2.963228258705226
    ],
    "7": [
      3.199836128427604,
      -2.7512665996117036
    ],
    "8": [
      1.708989286562078,
      0.2677535483099174
    ],
    "9": [
      4.064707124787274,
      4.28497385759907
    ],
    "10": [
      1.1465167010282933,
      3.711847108447767
    ],
    "11": [
      3.0794243530927403,
      2.817371098029067
    ],
    "12": [
      -1.3838292779864814,
      -1.5789768202273136
    ],
    "13": [
      1.6310195767299778,
      -2.7973114967566692
    ],
    "14": [
      0.998976739148655,
      -0.8120924783812917
    ],
    "15": [
      4.190150515679342,
      -3.964100960493595
    ]
  },
  "agents": [
    0,
    1,
    2,
    3,
    4,
    5,
    6,
    7,
    8,
    9
  ],
  "starts": {
    "0": 6,
    "1": 10,
    "2": 2,
    "3": 5,
    "4": 14,
    "5": 8,
    "6": 1,
    "7": 12,
    "8": 7,
    "9": 15
  },
  "goals": {
    "0": 0,
    "1": 4,
    "2": 7,
    "3": 5,
    "4": 14,
    "5": 10,
    "6": 13,
    "7": 12,
    "8": 9,
    "9": 15
  },
  "size": 0.3
}