{
  "graph": {
    "0": [
      1,
      4,
      7,
      9,
      12,
      14
    ],
    "9": [
      0,
      1,
      4,
      7,
      14
    ],
    "4": [
      0,
      1,
      9
    ],
    "14": [
      0,
      7,
      9,
      12
    ],
    "1": [
      0,
      4,
      9,
      10
    ],
    "12": [
      0,
      3,
      14,
      7
    ],
    "10": [
      1,
      5
    ],
    "2": [
      8,
      13,
      11,
      5
    ],
    "8": [
      2,
      11,
      6
    ],
    "5": [
      2,
      10
    ],
    "13": [
      2,
      3,
      15
    ],
    "11": [
      8,
      2
    ],
    "3": [
      7,
      12,
      13,
      15
    ],
    "15": [
      3,
      13,
      6
    ],
    "6": [
      8,
      15
    ],
    "7": [
      0,
      3,
      9,
      12,
      14
    ]
  },
  "vert_positions": {
    "0": [
      -4.2820535612028685,
      1.3365544411881025
    ],
    "1": [
      -4.632882366407381,
      -1.3799101828568503
    ],
    "2": [
      1.582010775759553,
      -2.281605255200445
    ],
    "3": [
      0.030615295959113276,
      4.2193819710581355
    ],
    "4": [
      -4.023348840726605,
      -0.3165266394552546
    ],
    "5": [
      -0.5993703768180438,
      -4.976464577770643
    ],
    "6": [
      2.650952156569378,
      1.97185410875497
    ],
    "7": [
      -3.5009608640364265,
      4.367405941652249
    ],
    "8": [
      2.967540668000881,
      0.6825444261362987
    ],
    "9": [
      -3.1488579908107575,
      0.39624060065941347
    ],
    "10": [
      -2.713801677030543,
      -4.890052724287083
    ],
    "11": [
      4.663812623425523,
      0.4023543938507812
    ],
    "12": [
      -2.2917963530275145,
      3.394683775163166
    ],
    "13": [
      0.9356394947746614,
      1.1862859208297936
    ],
    "14": [
      -2.4846417387293416,
      2.4413785958730045
    ],
    "15": [
      2.181087408499507,
      3.1150079936195354
    ]
  },
  "agents": [
    0,
    1,
    2,
    3,
    4,
    5,
    6,
    7,
    8,
    9
  ],
  "starts": {
    "0": 5,
    "1": 14,
    "2": 2,
    "3": 13,
    "4": 4,
    "5": 12,
    "6": 11,
    "7": 0,
    "8": 9,
    "9": 15
  },
  "goals": {
    "0": 13,
    "1": 0,
    "2": 6,
    "3": 12,
    "4": 3,
    "5": 5,
    "6": 8,
    "7": 9,
    "8": 10,
    "9": 4
  },
  "size": 0.3
}