{
  "graph": {
    "0": [
      1,
      4,
      9,
      11,
      13
    ],
    "4": [
      0,
      1,
      2,
      7,
      9,
      11
    ],
    "13": [
      0,
      1,
      9
    ],
    "1": [
      0,
      2,
      4,
      11,
      13
    ],
    "11": [
      0,
      1,
      2,
      4
    ],
    "2": [
      1,
      4,
      5,
      6,
      11
    ],
    "3": [
      7,
      8,
      9,
      12,
      14,
      15
    ],
    "8": [
      3,
      5,
      12,
      14
    ],
    "15": [
      9,
      3
    ],
    "14": [
      8,
      3,
      12,
      5
    ],
    "12": [
      8,
      3,
      5,
      14
    ],
    "7": [
      3,
      4
    ],
    "5": [
      2,
      6,
      8,
      10,
      12,
      14
    ],
    "10": [
      5,
      6
    ],
    "6": [
      10,
      2,
      5
    ],
    "9": [
      0,
      3,
      4,
      13,
      15
    ]
  },
  "vert_positions": {
    "0": [
      -1.984674411339057,
      1.3465547113039715
    ],
    "1": [
      -1.9619665874396675,
      4.753017891705531
    ],
    "2": [
      0.4894702327764282,
      1.6917239751473954
    ],
    "3": [
      0.1632897659571828,
      -4.2458139017297105
    ],
    "4": [
      -0.8239972231474324,
      1.1075452705360345
    ],
    "5": [
      2.8503019647992858,
      0.309310321186004
    ],
    "6": [
      4.366916756841688,
      3.8854864724528486
    ],
    "7": [
      -0.6137205151486924,
      -0.25833089207230664
    ],
    "8": [
      1.7327884297731586,
      -3.4548283064730945
    ],
    "9": [
      -4.219237882775672,
      -2.5535384167677466
    ],
    "10": [
      3.7785844097239707,
      2.51009741509662
    ],
    "11": [
      -0.4394308442513015,
      4.20747804938094
    ],
    "12": [
      2.2929212450872303,
      -1.6464529259897165
    ],
    "13": [
      -3.41497178718107,
      0.02277948009893116
    ],
    "14": [
      2.8431161311240016,
      -2.794667460738065
    ],
    "15": [
      -2.4114141535281797,
      -4.869673704941592
    ]
  },
  "agents": [
    0,
    1,
    2,
    3,
    4,
    5,
    6,
    7,
    8,
    9
  ],
  "starts": {
    "0": 2,
    "1": 13,
    "2": 7,
    "3": 15,
    "4": 1,
    "5": 0,
    "6": 9,
    "7": 8,
    "8": 4,
    "9": 12
  },
  "goals": {
    "0": 3,
    "1": 5,
    "2": 2,
    "3": 12,
    "4": 6,
    "5": 13,
    "6": 10,
    "7": 4,
    "8": 14,
    "9": 0
  },
  "size": 0.3
}