{
  "graph": {
    "0": [
      7,
      13,
      15
    ],
    "13": [
      0,
      1,
      8,
      7
    ],
    "15": [
      0,
      8,
      9
    ],
    "1": [
      3,
      13,
      7
    ],
    "3": [
      1,
      4,
      8,
      11,
      12
    ],
    "2": [
      9,
      5,
      14
    ],
    "9": [
      2,
      15
    ],
    "5": [
      2,
      10,
      4,
      14
    ],
    "14": [
      2,
      5
    ],
    "12": [
      8,
      11,
      3
    ],
    "11": [
      3,
      4,
      12
    ],
    "8": [
      3,
      6,
      12,
      13,
      15
    ],
    "4": [
      3,
      5,
      6,
      10,
      11
    ],
    "6": [
      8,
      4
    ],
    "10": [
      4,
      5
    ],
    "7": [
      0,
      1,
      13
    ]
  },
  "vert_positions": {
    "0": [
      -2.9179252348028184,
      -0.3406103093150259
    ],
    "1": [
      -3.119235068205141,
      -2.604890339472502
    ],
    "2": [
      -2.196646610266445,
      3.950059254267371
    ],
    "3": [
      -2.3150428927540956,
      -4.563923845011106
    ],
    "4": [
      3.8988636263453404,
      -2.550781082262702
    ],
    "5": [
      0.8592827599280497,
      3.796356645618552
    ],
    "6": [
      1.5423439305857345,
      -1.3680742125213041
    ],
    "7": [
      -4.810122527542363,
      0.80102500695586
    ],
    "8": [
      -0.7884925396700755,
      -1.9646871352455442
    ],
    "9": [
      -2.0295656008024157,
      2.3115921263205985
    ],
    "10": [
      2.7465481630466817,
      1.5428381953187023
    ],
    "11": [
      0.6863079672298467,
      -4.392581513650077
    ],
    "12": [
      -0.34338362152460356,
      -4.321258865988796
    ],
    "13": [
      -2.360752881253556,
      -0.8067476252123598
    ],
    "14": [
      1.1949254801544669,
      4.85779897832577
    ],
    "15": [
      -1.54052611185329,
      -0.3532649592535684
    ]
  },
  "agents": [
    0,
    1,
    2,
    3,
    4,
    5,
    6,
    7,
    8,
    9,
    10,
    11
  ],
  "starts": {
    "0": 12,
    "1": 14,
    "2": 9,
    "3": 8,
    "4": 10,
    "5": 11,
    "6": 0,
    "7": 2,
    "8": 1,
    "9": 15,
    "10": 5,
    "11": 6
  },
  "goals": {
    "0": 12,
    "1": 5,
    "2": 14,
    "3": 11,
    "4": 8,
    "5": 0,
    "6": 7,
    "7": 4,
    "8": 6,
    "9": 2,
    "10": 1,
    "11": 9
  },
  "size": 0.3
}