{
  "graph": {
    "0": [
      1,
      4,
      5,
      9,
      10,
      11,
      12,
      14
    ],
    "10": [
      0,
      4,
      12,
      14
    ],
    "12": [
      0,
      1,
      10,
      4
    ],
    "14": [
      0,
      4,
      9,
      10,
      11
    ],
    "11": [
      0,
      9,
      3,
      14
    ],
    "1": [
      0,
      2,
      5,
      6,
      7,
      12
    ],
    "6": [
      1,
      2,
      5,
      7,
      8
    ],
    "7": [
      1,
      2,
      6
    ],
    "2": [
      8,
      1,
      6,
      7
    ],
    "3": [
      5,
      8,
      9,
      11,
      13,
      15
    ],
    "5": [
      0,
      1,
      3,
      6,
      8
    ],
    "15": [
      3,
      13
    ],
    "4": [
      0,
      10,
      12,
      14
    ],
    "8": [
      2,
      3,
      5,
      6,
      13
    ],
    "13": [
      8,
      3,
      15
    ],
    "9": [
      3,
      0,
      11,
      14
    ]
  },
  "vert_positions": {
    "0": [
      1.3347251991270292,
      -1.1915406451416177
    ],
    "1": [
      3.2355377522454845,
      1.1615121201796788
    ],
    "2": [
      4.101461701593426,
      4.342518535487912
    ],
    "3": [
      -1.603392762907557,
      0.8789232222018653
    ],
    "4": [
      1.6729822856899368,
      -4.4674863016902755
    ],
    "5": [
      0.9843141595477505,
      1.1147390640506591
    ],
    "6": [
      2.547816611761906,
      1.3549918776444478
    ],
    "7": [
      4.576355793578612,
      2.1166430201991133
    ],
    "8": [
      -0.6096306282617272,
      4.377076347856146
    ],
    "9": [
      -3.923643595883326,
      -2.7442501220017568
    ],
    "10": [
      1.5508612422173602,
      -2.0920177275597283
    ],
    "11": [
      -0.5021118605897756,
      -1.8148505766791967
    ],
    "12": [
      2.3373548534427044,
      -1.426316791719242
    ],
    "13": [
      -3.051478336608191,
      3.7030712341694603
    ],
    "14": [
      0.6888237961217847,
      -2.5878447770222945
    ],
    "15": [
      -4.655502285890125,
      0.9312406942373546
    ]
  },
  "agents": [
    0,
    1,
    2,
    3,
    4,
    5,
    6,
    7,
    8,
    9,
    10,
    11
  ],
  "starts": {
    "0": 9,
    "1": 7,
    "2": 6,
    "3": 2,
    "4": 1,
    "5": 12,
    "6": 5,
    "7": 10,
    "8": 15,
    "9": 0,
    "10": 13,
    "11": 8
  },
  "goals": {
    "0": 9,
    "1": 11,
    "2": 5,
    "3": 3,
    "4": 4,
    "5": 10,
    "6": 14,
    "7": 1,
    "8": 8,
    "9": 0,
    "10": 7,
    "11": 12
  },
  "size": 0.3
}