{
  "graph": {
    "0": [
      14,
      13,
      6,
      7
    ],
    "7": [
      0,
      1,
      2,
      13
    ],
    "6": [
      0,
      4,
      14
    ],
    "13": [
      0,
      1,
      2,
      3,
      7
    ],
    "1": [
      10,
      3,
      13,
      7
    ],
    "10": [
      1,
      2,
      3
    ],
    "2": [
      3,
      7,
      10,
      11,
      13
    ],
    "3": [
      1,
      2,
      10,
      12,
      13
    ],
    "12": [
      11,
      3
    ],
    "4": [
      9,
      5,
      6
    ],
    "9": [
      4,
      5,
      14,
      15
    ],
    "5": [
      4,
      8,
      9,
      11,
      14,
      15
    ],
    "14": [
      0,
      5,
      6,
      9,
      15
    ],
    "8": [
      11,
      5,
      15
    ],
    "15": [
      5,
      8,
      9,
      14
    ],
    "11": [
      8,
      2,
      12,
      5
    ]
  },
  "vert_positions": {
    "0": [
      -1.961157161078079,
      -0.3217144630812383
    ],
    "1": [
      -2.1368760438536016,
      2.9763593580896517
    ],
    "2": [
      -0.2191244825817309,
      0.9161743330243679
    ],
    "3": [
      -0.3815641207837661,
      4.125461161811284
    ],
    "4": [
      -2.0231357341694753,
      -4.02740861876293
    ],
    "5": [
      0.2220659582047908,
      -2.6945984382209662
    ],
    "6": [
      -1.6748830939894943,
      -2.387259660089894
    ],
    "7": [
      -2.981448354726295,
      0.2667723299858231
    ],
    "8": [
      4.597629913674082,
      -2.3296323571036814
    ],
    "9": [
      -0.24210961090763128,
      -3.2204679638762936
    ],
    "10": [
      -1.3502195287515906,
      2.5914401543339842
    ],
    "11": [
      3.5041998012410964,
      1.012817950217812
    ],
    "12": [
      2.864113914067791,
      3.5173496723359285
    ],
    "13": [
      -1.7217553373072567,
      1.7709507360380252
    ],
    "14": [
      -0.37292810972984647,
      -1.7731437065318634
    ],
    "15": [
      1.939699205191614,
      -2.6447032890451085
    ]
  },
  "agents": [
    0,
    1,
    2,
    3,
    4,
    5,
    6,
    7,
    8,
    9,
    10,
    11,
    12
  ],
  "starts": {
    "0": 10,
    "1": 2,
    "2": 8,
    "3": 14,
    "4": 12,
    "5": 15,
    "6": 11,
    "7": 5,
    "8": 1,
    "9": 7,
    "10": 4,
    "11": 3,
    "12": 9
  },
  "goals": {
    "0": 5,
    "1": 0,
    "2": 8,
    "3": 6,
    "4": 3,
    "5": 9,
    "6": 13,
    "7": 12,
    "8": 4,
    "9": 2,
    "10": 1,
    "11": 11,
    "12": 10
  },
  "size": 0.3
}