{
  "graph": {
    "0": [
      9,
      2,
      4,
      13
    ],
    "13": [
      0,
      9,
      10,
      14
    ],
    "4": [
      0,
      2,
      3
    ],
    "2": [
      0,
      1,
      3,
      4,
      7,
      11
    ],
    "1": [
      2,
      3,
      5,
      7,
      15
    ],
    "3": [
      1,
      2,
      4,
      15
    ],
    "5": [
      8,
      1,
      6,
      7
    ],
    "15": [
      1,
      3
    ],
    "7": [
      1,
      2,
      5,
      6,
      11
    ],
    "11": [
      2,
      6,
      7,
      12
    ],
    "8": [
      5,
      6
    ],
    "6": [
      5,
      7,
      8,
      11,
      12
    ],
    "12": [
      9,
      10,
      11,
      6
    ],
    "9": [
      0,
      10,
      12,
      13,
      14
    ],
    "10": [
      9,
      12,
      13,
      14
    ],
    "14": [
      9,
      10,
      13
    ]
  },
  "vert_positions": {
    "0": [
      -1.4526491657890181,
      -3.4276149649491074
    ],
    "1": [
      4.739288024178856,
      0.013879420357501004
    ],
    "2": [
      0.019661130317097708,
      0.0072792658976297275
    ],
    "3": [
      2.5848141320773044,
      -2.0894359272280996
    ],
    "4": [
      0.3087568275552499,
      -2.8847908541837244
    ],
    "5": [
      3.4218895467408856,
      3.108923044513004
    ],
    "6": [
      -0.44302995300238823,
      4.099780627623122
    ],
    "7": [
      0.3033492077228006,
      2.16356532473692
    ],
    "8": [
      2.05124915852417,
      4.956816928126365
    ],
    "9": [
      -4.572357578773895,
      2.440796859512856
    ],
    "10": [
      -3.939059995852009,
      0.46385986882519603
    ],
    "11": [
      -0.5720040169749723,
      3.0104432509110914
    ],
    "12": [
      -2.065709927818685,
      3.0097666049774183
    ],
    "13": [
      -2.7090966334751965,
      -3.7047702304064045
    ],
    "14": [
      -4.319883015746276,
      -2.5886154743817325
    ],
    "15": [
      3.996359985972969,
      -4.338047623410445
    ]
  },
  "agents": [
    0,
    1,
    2,
    3,
    4,
    5,
    6,
    7,
    8,
    9,
    10,
    11,
    12,
    13
  ],
  "starts": {
    "0": 15,
    "1": 5,
    "2": 10,
    "3": 14,
    "4": 0,
    "5": 2,
    "6": 8,
    "7": 3,
    "8": 12,
    "9": 7,
    "10": 13,
    "11": 11,
    "12": 9,
    "13": 4
  },
  "goals": {
    "0": 4,
    "1": 5,
    "2": 8,
    "3": 2,
    "4": 13,
    "5": 11,
    "6": 1,
    "7": 10,
    "8": 14,
    "9": 15,
    "10": 6,
    "11": 9,
    "12": 7,
    "13": 12
  },
  "size": 0.3
}