{
  "graph": {
    "0": [
      10,
      12,
      13,
      14
    ],
    "12": [
      0,
      9,
      5,
      14
    ],
    "13": [
      0,
      2,
      14
    ],
    "10": [
      0,
      1,
      9
    ],
    "1": [
      9,
      10
    ],
    "9": [
      1,
      10,
      12,
      15
    ],
    "2": [
      8,
      3,
      13,
      7
    ],
    "7": [
      2,
      3,
      4,
      6,
      8
    ],
    "8": [
      2,
      3,
      7
    ],
    "3": [
      2,
      4,
      6,
      7,
      8
    ],
    "4": [
      3,
      5,
      6,
      7
    ],
    "6": [
      3,
      4,
      5,
      7
    ],
    "5": [
      11,
      4,
      12,
      6
    ],
    "11": [
      5,
      15
    ],
    "15": [
      9,
      11
    ],
    "14": [
      0,
      12,
      13
    ]
  },
  "vert_positions": {
    "0": [
      0.35137950569570453,
      1.0075505406520637
    ],
    "1": [
      -3.3408573316148793,
      4.1961747003382435
    ],
    "2": [
      4.030760439005828,
      -0.051608017245422744
    ],
    "3": [
      4.9165738279490725,
      -3.678547822620575
    ],
    "4": [
      2.869635540590636,
      -3.8667654034444943
    ],
    "5": [
      -0.08292723260840518,
      -2.722037659872445
    ],
    "6": [
      0.8171415944373823,
      -3.4394689735974113
    ],
    "7": [
      4.146886335304647,
      -2.4162140605154736
    ],
    "8": [
      4.879516457211132,
      -2.3077267522370457
    ],
    "9": [
      -3.709417220288964,
      3.429916745257284
    ],
    "10": [
      -1.9338436753171875,
      2.137337896741464
    ],
    "11": [
      -3.1730691283318437,
      -3.67211434551737
    ],
    "12": [
      -0.865931428200196,
      0.9075932490962746
    ],
    "13": [
      1.433075667467385,
      2.360909816832778
    ],
    "14": [
      1.7436190498007589,
      3.663477670639942
    ],
    "15": [
      -4.587313128764052,
      0.6732610398794812
    ]
  },
  "agents": [
    0,
    1,
    2,
    3,
    4,
    5,
    6,
    7,
    8,
    9,
    10,
    11,
    12,
    13
  ],
  "starts": {
    "0": 8,
    "1": 7,
    "2": 5,
    "3": 14,
    "4": 15,
    "5": 10,
    "6": 2,
    "7": 13,
    "8": 6,
    "9": 12,
    "10": 3,
    "11": 4,
    "12": 11,
    "13": 1
  },
  "goals": {
    "0": 15,
    "1": 9,
    "2": 6,
    "3": 14,
    "4": 1,
    "5": 13,
    "6": 5,
    "7": 11,
    "8": 12,
    "9": 0,
    "10": 3,
    "11": 7,
    "12": 10,
    "13": 2
  },
  "size": 0.3
}