{
  "graph": {
    "0": [
      1,
      2,
      5,
      9,
      15
    ],
    "15": [
      0,
      1,
      6,
      12
    ],
    "1": [
      0,
      9,
      2,
      15
    ],
    "9": [
      0,
      1,
      2,
      5,
      8
    ],
    "2": [
      0,
      1,
      5,
      9
    ],
    "5": [
      0,
      2,
      9,
      13
    ],
    "3": [
      11,
      13
    ],
    "11": [
      3,
      10,
      13,
      14
    ],
    "13": [
      3,
      4,
      5,
      11
    ],
    "4": [
      7,
      8,
      10,
      12,
      13
    ],
    "8": [
      9,
      4
    ],
    "12": [
      4,
      15,
      6,
      7
    ],
    "10": [
      11,
      4,
      14,
      7
    ],
    "6": [
      12,
      15,
      7
    ],
    "7": [
      4,
      6,
      10,
      12
    ],
    "14": [
      10,
      11
    ]
  },
  "vert_positions": {
    "0": [
      4.870234175859846,
      3.7293014678681775
    ],
    "1": [
      3.4344932969897926,
      1.6861163377710273
    ],
    "2": [
      2.6655831181819964,
      -0.27690745613668266
    ],
    "3": [
      0.1175040084431842,
      -4.750108972475139
    ],
    "4": [
      -1.6950802972836465,
      0.40292617964241373
    ],
    "5": [
      2.7518973657572,
      -1.472483276213381
    ],
    "6": [
      -4.063112625546211,
      4.250822920454988
    ],
    "7": [
      -4.5000814935663165,
      2.627677903887654
    ],
    "8": [
      -0.3054930723816778,
      1.4127556229840268
    ],
    "9": [
      1.5395784884577957,
      1.2110665123881867
    ],
    "10": [
      -4.40609220365861,
      -0.9610733823338204
    ],
    "11": [
      -2.780952742051096,
      -4.743939432983365
    ],
    "12": [
      -3.1703190864298314,
      2.873103138621702
    ],
    "13": [
      0.004818623356836582,
      -0.9236124893061239
    ],
    "14": [
      -3.8785535878422204,
      -2.0222373059768795
    ],
    "15": [
      3.056420886419769,
      4.385732351379053
    ]
  },
  "agents": [
    0,
    1,
    2,
    3,
    4
  ],
  "starts": {
    "0": 2,
    "1": 8,
    "2": 0,
    "3": 4,
    "4": 14
  },
  "goals": {
    "0": 15,
    "1": 0,
    "2": 6,
    "3": 4,
    "4": 11
  },
  "size": 0.3
}