{
  "graph": {
    "0": [
      1,
      3,
      6,
      7,
      9,
      12
    ],
    "9": [
      0,
      1,
      12
    ],
    "1": [
      0,
      3,
      7,
      9,
      12
    ],
    "7": [
      0,
      1,
      3,
      11
    ],
    "3": [
      0,
      1,
      7,
      8,
      12,
      14
    ],
    "2": [
      11,
      4,
      5,
      15
    ],
    "4": [
      2,
      5,
      6
    ],
    "15": [
      8,
      2
    ],
    "11": [
      8,
      2,
      14,
      7
    ],
    "14": [
      3,
      8,
      11
    ],
    "5": [
      2,
      4,
      6,
      10,
      13
    ],
    "10": [
      13,
      5,
      6
    ],
    "13": [
      10,
      5,
      6
    ],
    "6": [
      0,
      4,
      5,
      10,
      13
    ],
    "8": [
      11,
      3,
      14,
      15
    ],
    "12": [
      0,
      9,
      3,
      1
    ]
  },
  "vert_positions": {
    "0": [
      -1.4512819788374873,
      2.101457588558171
    ],
    "1": [
      -2.271868635857487,
      1.225717053962451
    ],
    "2": [
      -0.37709649440209425,
      -3.6975344905815897
    ],
    "3": [
      -3.229283462794715,
      -0.3267070788701769
    ],
    "4": [
      1.7647182063709081,
      -3.1724171565713677
    ],
    "5": [
      3.7230224618064724,
      -1.682440816668299
    ],
    "6": [
      1.3020493402162607,
      4.024719195818031
    ],
    "7": [
      -2.110189559964194,
      -0.2206949406280554
    ],
    "8": [
      -4.4078395781959046,
      -1.4529807644834527
    ],
    "9": [
      -2.063176229928594,
      2.463239308691093
    ],
    "10": [
      4.751386083382757,
      3.8605440036571004
    ],
    "11": [
      -1.9913316816617543,
      -1.1816750580158097
    ],
    "12": [
      -3.920153254336763,
      4.481415529602883
    ],
    "13": [
      4.126572360443415,
      4.257837168397167
    ],
    "14": [
      -3.459938135783852,
      -1.43139368882132
    ],
    "15": [
      -3.1628092740673974,
      -3.387382178677829
    ]
  },
  "agents": [
    0,
    1,
    2,
    3,
    4,
    5
  ],
  "starts": {
    "0": 0,
    "1": 9,
    "2": 12,
    "3": 10,
    "4": 8,
    "5": 13
  },
  "goals": {
    "0": 0,
    "1": 10,
    "2": 13,
    "3": 5,
    "4": 14,
    "5": 9
  },
  "size": 0.3
}