{
  "graph": {
    "0": [
      1,
      5,
      6,
      7,
      9
    ],
    "9": [
      0,
      1,
      13,
      15
    ],
    "7": [
      0,
      8,
      13
    ],
    "1": [
      0,
      5,
      9,
      10,
      15
    ],
    "6": [
      0,
      2,
      4,
      8,
      12,
      15
    ],
    "2": [
      3,
      6,
      11,
      12,
      14
    ],
    "11": [
      2,
      3,
      14
    ],
    "12": [
      2,
      4,
      6,
      14
    ],
    "3": [
      2,
      10,
      11,
      5
    ],
    "10": [
      1,
      3,
      5
    ],
    "4": [
      6,
      8,
      12,
      13,
      14
    ],
    "13": [
      4,
      7,
      8,
      9,
      15
    ],
    "8": [
      4,
      6,
      7,
      13
    ],
    "5": [
      0,
      1,
      10,
      3
    ],
    "15": [
      1,
      6,
      9,
      13
    ],
    "14": [
      2,
      11,
      12,
      4
    ]
  },
  "vert_positions": {
    "0": [
      -4.713662837088316,
      -1.1507055677493874
    ],
    "1": [
      -1.0813050840018388,
      0.7390320914684825
    ],
    "2": [
      2.6675805362514904,
      -1.197095810627201
    ],
    "3": [
      3.746399715053199,
      3.109936987809496
    ],
    "4": [
      0.9101310413150632,
      -4.679627711464614
    ],
    "5": [
      -2.1063033987179756,
      3.397463348693604
    ],
    "6": [
      -0.34491982811666855,
      -3.1912501878128188
    ],
    "7": [
      -3.6956470637700067,
      -4.18629998275878
    ],
    "8": [
      -2.742704973121749,
      -4.946837888530524
    ],
    "9": [
      -1.9355093197134443,
      -1.0150705359082082
    ],
    "10": [
      1.0626417296347253,
      2.2287223445307394
    ],
    "11": [
      2.9361688711878973,
      -0.37595043503624836
    ],
    "12": [
      1.6893279069568266,
      -3.1425170811923686
    ],
    "13": [
      -1.6660130728056686,
      -2.1277578377417603
    ],
    "14": [
      4.900291481408491,
      -4.611900792931268
    ],
    "15": [
      -1.025745076582817,
      -1.6010416878869824
    ]
  },
  "agents": [
    0,
    1,
    2,
    3,
    4,
    5
  ],
  "starts": {
    "0": 8,
    "1": 7,
    "2": 2,
    "3": 12,
    "4": 15,
    "5": 10
  },
  "goals": {
    "0": 3,
    "1": 10,
    "2": 4,
    "3": 15,
    "4": 1,
    "5": 2
  },
  "size": 0.3
}