{
  "graph": {
    "0": [
      5,
      7,
      9,
      10,
      13,
      15
    ],
    "5": [
      0,
      9,
      10,
      13,
      15
    ],
    "10": [
      0,
      4,
      5,
      7
    ],
    "13": [
      0,
      5,
      12
    ],
    "15": [
      0,
      5,
      6,
      7,
      12
    ],
    "1": [
      2,
      3,
      4,
      8,
      11
    ],
    "3": [
      1,
      2,
      8,
      11
    ],
    "2": [
      8,
      1,
      3
    ],
    "4": [
      1,
      10,
      11
    ],
    "11": [
      1,
      3,
      4
    ],
    "6": [
      15,
      14,
      7
    ],
    "7": [
      0,
      6,
      10,
      15
    ],
    "8": [
      1,
      2,
      3,
      14
    ],
    "9": [
      0,
      5
    ],
    "12": [
      13,
      15
    ],
    "14": [
      8,
      6
    ]
  },
  "vert_positions": {
    "0": [
      2.3381045407001757,
      0.5121156268234834
    ],
    "1": [
      -3.6750858279503564,
      4.6129096002726815
    ],
    "2": [
      -3.2106885425425,
      1.9947847834052626
    ],
    "3": [
      -3.6643242853220537,
      3.690204109034953
    ],
    "4": [
      -0.22291054254401477,
      4.564374978095746
    ],
    "5": [
      3.520156406090985,
      0.7960466706190772
    ],
    "6": [
      0.382556397046967,
      -0.375768971666961
    ],
    "7": [
      0.1091707238454962,
      0.31251094264878265
    ],
    "8": [
      -4.5226974720030775,
      0.3665533521377835
    ],
    "9": [
      4.687110933372455,
      3.8996279094163526
    ],
    "10": [
      1.4908842185109838,
      1.921679543435192
    ],
    "11": [
      -0.44521004195986347,
      3.3505861988311754
    ],
    "12": [
      3.8288375748136083,
      -3.700186454163571
    ],
    "13": [
      4.290010519720992,
      -0.03573013298148453
    ],
    "14": [
      -3.6159723898528617,
      -4.921745558825064
    ],
    "15": [
      1.2779292513654896,
      -1.3514753538121402
    ]
  },
  "agents": [
    0,
    1,
    2,
    3,
    4,
    5
  ],
  "starts": {
    "0": 9,
    "1": 10,
    "2": 8,
    "3": 14,
    "4": 5,
    "5": 12
  },
  "goals": {
    "0": 15,
    "1": 14,
    "2": 11,
    "3": 5,
    "4": 7,
    "5": 0
  },
  "size": 0.3
}