{
  "graph": {
    "0": [
      3,
      4,
      6,
      8,
      9
    ],
    "3": [
      0,
      9,
      13,
      6
    ],
    "4": [
      0,
      8
    ],
    "6": [
      0,
      3,
      9,
      13,
      14
    ],
    "9": [
      0,
      3,
      13,
      6
    ],
    "8": [
      0,
      1,
      4,
      12,
      14
    ],
    "1": [
      5,
      8,
      10,
      12,
      14
    ],
    "12": [
      8,
      1,
      14
    ],
    "10": [
      1,
      5,
      7
    ],
    "2": [
      11,
      7,
      13,
      15
    ],
    "11": [
      2,
      7
    ],
    "15": [
      2,
      5,
      7
    ],
    "5": [
      1,
      10,
      15,
      7
    ],
    "7": [
      2,
      5,
      10,
      11,
      15
    ],
    "13": [
      2,
      3,
      6,
      9,
      14
    ],
    "14": [
      1,
      6,
      8,
      12,
      13
    ]
  },
  "vert_positions": {
    "0": [
      4.65913631012752,
      -2.2161712931154054
    ],
    "1": [
      0.9639663957775468,
      4.189837634195708
    ],
    "2": [
      -4.891452804060073,
      -1.846071524855808
    ],
    "3": [
      2.6065404007381465,
      -2.3892735390088515
    ],
    "4": [
      4.797254750391179,
      0.19186855650500334
    ],
    "5": [
      -3.815640355035703,
      4.095390979521122
    ],
    "6": [
      2.134600431003225,
      -1.508290986443681
    ],
    "7": [
      -3.3993770920905844,
      0.8013843990046059
    ],
    "8": [
      3.83353473796344,
      1.5887071835250852
    ],
    "9": [
      0.9827005954846069,
      -2.2485539052389947
    ],
    "10": [
      -2.7486700123535988,
      2.5876038334032074
    ],
    "11": [
      -3.9829729858740794,
      -1.9858099811988672
    ],
    "12": [
      1.7539820623204605,
      3.667705677370364
    ],
    "13": [
      -0.9139327102042047,
      -2.347853800325914
    ],
    "14": [
      0.7735356998556657,
      1.0650234049345322
    ],
    "15": [
      -3.8365375633115395,
      -0.2192951942359569
    ]
  },
  "agents": [
    0,
    1,
    2,
    3,
    4,
    5
  ],
  "starts": {
    "0": 13,
    "1": 12,
    "2": 6,
    "3": 7,
    "4": 15,
    "5": 3
  },
  "goals": {
    "0": 14,
    "1": 1,
    "2": 8,
    "3": 12,
    "4": 11,
    "5": 5
  },
  "size": 0.3
}