{
  "graph": {
    "0": [
      1,
      2,
      3,
      4
    ],
    "3": [
      0,
      1,
      4
    ],
    "4": [
      0,
      2,
      3,
      5,
      15
    ],
    "2": [
      0,
      4,
      5,
      7,
      10,
      15
    ],
    "1": [
      0,
      8,
      3,
      6
    ],
    "8": [
      1,
      9,
      6,
      7
    ],
    "6": [
      1,
      7,
      8,
      9,
      12
    ],
    "15": [
      2,
      10,
      4
    ],
    "10": [
      2,
      7,
      12,
      15
    ],
    "5": [
      2,
      4
    ],
    "7": [
      2,
      6,
      8,
      10,
      12
    ],
    "12": [
      6,
      7,
      10,
      14
    ],
    "9": [
      8,
      11,
      13,
      6
    ],
    "11": [
      9,
      13,
      14
    ],
    "13": [
      9,
      11,
      14
    ],
    "14": [
      11,
      12,
      13
    ]
  },
  "vert_positions": {
    "0": [
      3.9192480778360945,
      3.951298143204932
    ],
    "1": [
      2.3297561487626837,
      -2.3379972777926183
    ],
    "2": [
      -2.349405141992569,
      2.783710922814975
    ],
    "3": [
      3.902661978376873,
      1.6291448101050712
    ],
    "4": [
      0.1723103182861383,
      3.133617288184988
    ],
    "5": [
      -0.24501532638669055,
      4.671588869037977
    ],
    "6": [
      -1.3644570495041695,
      -1.5894696411130917
    ],
    "7": [
      -1.2302828698256816,
      -0.20582108067127347
    ],
    "8": [
      -0.8674509304650151,
      -2.2358984382456737
    ],
    "9": [
      -1.8418860455834851,
      -2.802258458125424
    ],
    "10": [
      -4.406170905776819,
      1.338096392982779
    ],
    "11": [
      -3.0933071456930596,
      -3.9047207095733305
    ],
    "12": [
      -4.365899388742451,
      -0.7121121254884546
    ],
    "13": [
      -3.6686912572544084,
      -4.3556059050280025
    ],
    "14": [
      -4.651574377812409,
      -3.5139094318171082
    ],
    "15": [
      -1.8776850527274016,
      4.097475672992598
    ]
  },
  "agents": [
    0,
    1,
    2,
    3,
    4,
    5,
    6
  ],
  "starts": {
    "0": 4,
    "1": 12,
    "2": 9,
    "3": 5,
    "4": 6,
    "5": 11,
    "6": 1
  },
  "goals": {
    "0": 10,
    "1": 1,
    "2": 6,
    "3": 0,
    "4": 2,
    "5": 3,
    "6": 9
  },
  "size": 0.3
}