{
  "graph": {
    "0": [
      15,
      13,
      14,
      7
    ],
    "7": [
      0,
      3,
      15
    ],
    "15": [
      0,
      7,
      13
    ],
    "13": [
      0,
      8,
      11,
      15
    ],
    "14": [
      0,
      2,
      3
    ],
    "1": [
      4,
      5,
      6,
      8,
      9
    ],
    "5": [
      1,
      4,
      9
    ],
    "4": [
      8,
      1,
      5
    ],
    "9": [
      8,
      1,
      3,
      5
    ],
    "8": [
      1,
      4,
      6,
      9,
      10,
      13
    ],
    "6": [
      1,
      8,
      10,
      11,
      12
    ],
    "2": [
      3,
      14
    ],
    "3": [
      2,
      7,
      9,
      14
    ],
    "10": [
      8,
      12,
      6
    ],
    "12": [
      10,
      11,
      6
    ],
    "11": [
      12,
      13,
      6
    ]
  },
  "vert_positions": {
    "0": [
      -1.9288467975106216,
      3.0827863738434207
    ],
    "1": [
      3.0399426585209657,
      -3.1103766126929844
    ],
    "2": [
      2.714803572131056,
      2.103900826812108
    ],
    "3": [
      3.3307535230668712,
      3.3439640695934685
    ],
    "4": [
      4.599211020856741,
      -4.9805016862154385
    ],
    "5": [
      1.2771878535048131,
      -1.8671314796473415
    ],
    "6": [
      -1.649055954608726,
      -4.363340600945055
    ],
    "7": [
      -1.135621275406181,
      3.169495166212977
    ],
    "8": [
      -0.9759405238578882,
      -2.4210139414458376
    ],
    "9": [
      0.7871090357028248,
      -0.7473491961850005
    ],
    "10": [
      -2.1292323596719642,
      -3.375887175695053
    ],
    "11": [
      -4.34467019150202,
      -2.592695068825087
    ],
    "12": [
      -3.778535321102976,
      -4.843687525927861
    ],
    "13": [
      -3.2173305240413175,
      -0.04396267907192275
    ],
    "14": [
      1.3308760464990836,
      4.668060286538321
    ],
    "15": [
      -2.4043844009795956,
      1.0439285459067227
    ]
  },
  "agents": [
    0,
    1,
    2,
    3,
    4,
    5,
    6,
    7
  ],
  "starts": {
    "0": 14,
    "1": 2,
    "2": 3,
    "3": 0,
    "4": 9,
    "5": 7,
    "6": 12,
    "7": 6
  },
  "goals": {
    "0": 15,
    "1": 0,
    "2": 2,
    "3": 6,
    "4": 12,
    "5": 5,
    "6": 10,
    "7": 11
  },
  "size": 0.3
}