{
  "graph": {
    "0": [
      8,
      3,
      14,
      6
    ],
    "8": [
      0,
      5,
      6,
      15
    ],
    "14": [
      0,
      1,
      11,
      7
    ],
    "6": [
      0,
      3,
      5,
      8,
      10
    ],
    "1": [
      9,
      11,
      13,
      14,
      15
    ],
    "11": [
      1,
      9,
      14,
      15
    ],
    "15": [
      1,
      5,
      8,
      11
    ],
    "9": [
      1,
      11,
      4,
      12
    ],
    "13": [
      1,
      2,
      4,
      7,
      12
    ],
    "2": [
      3,
      4,
      13,
      7
    ],
    "7": [
      2,
      13,
      14
    ],
    "4": [
      2,
      9,
      12,
      13
    ],
    "3": [
      0,
      2,
      6
    ],
    "12": [
      9,
      4,
      13
    ],
    "5": [
      8,
      10,
      6,
      15
    ],
    "10": [
      5,
      6
    ]
  },
  "vert_positions": {
    "0": [
      -2.201378365407891,
      0.2656285836773975
    ],
    "1": [
      2.0557596501374666,
      -4.74324314828875
    ],
    "2": [
      0.7699346513449354,
      3.2171922515003164
    ],
    "3": [
      -3.8995782064766527,
      4.642754760615816
    ],
    "4": [
      4.248496731562854,
      2.122472808980299
    ],
    "5": [
      -2.583861499355696,
      -4.375963816221027
    ],
    "6": [
      -4.405295032906098,
      -0.24442092190797648
    ],
    "7": [
      0.19292509615643638,
      0.9685059139985785
    ],
    "8": [
      -2.3186044039962015,
      -1.3425199064869178
    ],
    "9": [
      3.943732927742902,
      -0.12420015112463645
    ],
    "10": [
      -4.927251751613557,
      -3.4947666789473986
    ],
    "11": [
      0.785366730410793,
      -4.454446946713632
    ],
    "12": [
      4.90421250884642,
      2.7543820128914396
    ],
    "13": [
      2.207867613842186,
      1.0516667031463296
    ],
    "14": [
      -0.33384764737621353,
      0.31032580218490047
    ],
    "15": [
      -1.3045562818441612,
      -2.255188257032671
    ]
  },
  "agents": [
    0,
    1,
    2,
    3,
    4,
    5,
    6,
    7,
    8
  ],
  "starts": {
    "0": 12,
    "1": 3,
    "2": 0,
    "3": 11,
    "4": 8,
    "5": 2,
    "6": 1,
    "7": 15,
    "8": 5
  },
  "goals": {
    "0": 12,
    "1": 15,
    "2": 13,
    "3": 7,
    "4": 4,
    "5": 11,
    "6": 2,
    "7": 0,
    "8": 5
  },
  "size": 0.3
}