{
  "graph": {
    "0": [
      1,
      2,
      4,
      12
    ],
    "2": [
      0,
      1,
      4,
      12
    ],
    "1": [
      0,
      2,
      13,
      15
    ],
    "13": [
      1,
      15
    ],
    "15": [
      1,
      11,
      12,
      13
    ],
    "4": [
      0,
      2,
      12
    ],
    "3": [
      5,
      7,
      9,
      10,
      14
    ],
    "14": [
      9,
      3
    ],
    "10": [
      3,
      5,
      7
    ],
    "7": [
      3,
      5,
      8,
      9,
      10
    ],
    "5": [
      3,
      6,
      7,
      8,
      10
    ],
    "8": [
      9,
      5,
      6,
      7
    ],
    "6": [
      8,
      12,
      5
    ],
    "12": [
      0,
      2,
      4,
      6,
      15
    ],
    "9": [
      3,
      7,
      8,
      11,
      14
    ],
    "11": [
      9,
      15
    ]
  },
  "vert_positions": {
    "0": [
      1.3774292696929358,
      -0.9738071855696724
    ],
    "1": [
      1.7132451327443015,
      0.32666534160158633
    ],
    "2": [
      1.1439965520112594,
      -1.886031002063918
    ],
    "3": [
      -3.3183724314861642,
      3.923972513179992
    ],
    "4": [
      1.1029052255361744,
      -2.839263148329041
    ],
    "5": [
      -4.838750310521042,
      0.7324695519084106
    ],
    "6": [
      -4.019448841700592,
      -3.3753003319347874
    ],
    "7": [
      -3.272741882552177,
      1.746684306085359
    ],
    "8": [
      -2.7185324139019618,
      1.1650457793437976
    ],
    "9": [
      -0.6129006924109346,
      4.274974724543297
    ],
    "10": [
      -4.44523130760031,
      2.2325447695163048
    ],
    "11": [
      -0.9549738058225588,
      1.4709709098712809
    ],
    "12": [
      -0.6138347282195609,
      -2.0343885608138326
    ],
    "13": [
      2.075394993738218,
      1.6364304627081347
    ],
    "14": [
      -3.3296520014501585,
      4.974866340262574
    ],
    "15": [
      0.18956335019921777,
      1.3561115246002267
    ]
  },
  "agents": [
    0,
    1,
    2,
    3,
    4,
    5,
    6,
    7,
    8,
    9
  ],
  "starts": {
    "0": 2,
    "1": 9,
    "2": 5,
    "3": 10,
    "4": 8,
    "5": 7,
    "6": 3,
    "7": 11,
    "8": 13,
    "9": 14
  },
  "goals": {
    "0": 8,
    "1": 4,
    "2": 1,
    "3": 0,
    "4": 12,
    "5": 13,
    "6": 11,
    "7": 14,
    "8": 7,
    "9": 3
  },
  "size": 0.3
}