{
  "graph": {
    "0": [
      3,
      5,
      6,
      7,
      9,
      15
    ],
    "7": [
      0,
      3,
      5,
      11
    ],
    "5": [
      0,
      7,
      9,
      10,
      15
    ],
    "6": [
      0,
      2,
      9,
      13,
      15
    ],
    "9": [
      0,
      5,
      6,
      15
    ],
    "1": [
      8,
      3,
      12,
      14
    ],
    "8": [
      1,
      12,
      13,
      14
    ],
    "12": [
      8,
      1,
      13
    ],
    "2": [
      13,
      6
    ],
    "13": [
      2,
      6,
      8,
      12
    ],
    "3": [
      0,
      1,
      4,
      7,
      10
    ],
    "10": [
      11,
      3,
      5
    ],
    "4": [
      11,
      3
    ],
    "11": [
      10,
      4,
      7
    ],
    "14": [
      8,
      1
    ],
    "15": [
      0,
      9,
      5,
      6
    ]
  },
  "vert_positions": {
    "0": [
      0.016528158657576952,
      -1.6711646562383597
    ],
    "1": [
      0.7131480445236775,
      3.5668563307707153
    ],
    "2": [
      -4.934300342981757,
      4.125225335463096
    ],
    "3": [
      3.00733829921872,
      -1.4996920039824593
    ],
    "4": [
      1.711901293309288,
      -4.4975966573863
    ],
    "5": [
      -0.7573678486597082,
      -3.1020375213411033
    ],
    "6": [
      -0.8271947513994551,
      -0.008203853957483354
    ],
    "7": [
      0.4003415937961554,
      -2.8573966149462215
    ],
    "8": [
      0.06714006162926367,
      4.749539351439699
    ],
    "9": [
      -1.578613026482767,
      -0.5980385161745874
    ],
    "10": [
      1.9263978635702026,
      -2.7264245394412665
    ],
    "11": [
      2.6541784764300846,
      -4.78804984277158
    ],
    "12": [
      -0.31242954437556403,
      1.8187581488901294
    ],
    "13": [
      -2.328561298981157,
      3.2579169277513316
    ],
    "14": [
      4.6938964061016755,
      4.870681426721317
    ],
    "15": [
      -4.786973269074604,
      -4.451309050637791
    ]
  },
  "agents": [
    0,
    1,
    2,
    3,
    4,
    5,
    6,
    7,
    8,
    9
  ],
  "starts": {
    "0": 12,
    "1": 2,
    "2": 6,
    "3": 15,
    "4": 11,
    "5": 0,
    "6": 9,
    "7": 7,
    "8": 3,
    "9": 13
  },
  "goals": {
    "0": 6,
    "1": 13,
    "2": 5,
    "3": 0,
    "4": 2,
    "5": 15,
    "6": 14,
    "7": 10,
    "8": 12,
    "9": 1
  },
  "size": 0.3
}