{
  "graph": {
    "0": [
      1,
      2,
      4,
      7,
      9,
      13
    ],
    "7": [
      0,
      2,
      3
    ],
    "13": [
      0,
      1,
      4
    ],
    "9": [
      0,
      3,
      15
    ],
    "1": [
      0,
      13,
      14
    ],
    "4": [
      0,
      5,
      8,
      11,
      12,
      13,
      15
    ],
    "14": [
      1,
      12
    ],
    "2": [
      0,
      3,
      7
    ],
    "3": [
      2,
      6,
      7,
      9
    ],
    "6": [
      10,
      3,
      15
    ],
    "12": [
      4,
      5,
      8,
      14
    ],
    "8": [
      4,
      5,
      10,
      11,
      12
    ],
    "15": [
      9,
      4,
      6
    ],
    "5": [
      4,
      8,
      10,
      11,
      12
    ],
    "10": [
      8,
      11,
      5,
      6
    ],
    "11": [
      4,
      5,
      8,
      10
    ]
  },
  "vert_positions": {
    "0": [
      -1.3482004145431392,
      -2.884187015587689
    ],
    "1": [
      1.8321061651810258,
      -4.088502079995965
    ],
    "2": [
      -4.003270695541366,
      3.2031553373511237
    ],
    "3": [
      -4.8060270904398825,
      4.904953440601485
    ],
    "4": [
      1.6898133081424085,
      -0.12731414205877112
    ],
    "5": [
      3.6701087432821495,
      2.257646035499288
    ],
    "6": [
      -0.08953274146702217,
      3.665364934383849
    ],
    "7": [
      -3.027425589634664,
      -1.6041548512720705
    ],
    "8": [
      2.96511891828401,
      1.489869832813592
    ],
    "9": [
      -0.6933525225277428,
      0.41151917024713036
    ],
    "10": [
      2.7292729609707376,
      2.2764146056851278
    ],
    "11": [
      3.7495858411892087,
      3.2185441341926957
    ],
    "12": [
      2.794659739137318,
      -0.7249366055790833
    ],
    "13": [
      0.9943968361474811,
      -2.284151190124768
    ],
    "14": [
      3.078353786873338,
      -2.7070214250331723
    ],
    "15": [
      -0.002974287730875602,
      1.4737161607073377
    ]
  },
  "agents": [
    0,
    1,
    2,
    3,
    4,
    5,
    6,
    7,
    8,
    9
  ],
  "starts": {
    "0": 15,
    "1": 11,
    "2": 2,
    "3": 1,
    "4": 12,
    "5": 8,
    "6": 5,
    "7": 6,
    "8": 7,
    "9": 9
  },
  "goals": {
    "0": 14,
    "1": 9,
    "2": 4,
    "3": 7,
    "4": 1,
    "5": 11,
    "6": 13,
    "7": 12,
    "8": 6,
    "9": 8
  },
  "size": 0.3
}