{
  "graph": {
    "0": [
      5,
      13,
      6,
      7
    ],
    "13": [
      0,
      5,
      7
    ],
    "6": [
      0,
      2,
      5,
      11
    ],
    "7": [
      0,
      13,
      5
    ],
    "5": [
      0,
      6,
      7,
      8,
      9,
      13
    ],
    "1": [
      8,
      9,
      12
    ],
    "12": [
      1,
      9,
      14
    ],
    "9": [
      8,
      1,
      12,
      5
    ],
    "8": [
      1,
      5,
      9
    ],
    "2": [
      3,
      4,
      6,
      10,
      11
    ],
    "3": [
      2,
      4,
      10,
      11,
      14
    ],
    "4": [
      2,
      3
    ],
    "11": [
      2,
      3,
      6
    ],
    "10": [
      2,
      3,
      14,
      15
    ],
    "15": [
      10,
      14
    ],
    "14": [
      3,
      10,
      12,
      15
    ]
  },
  "vert_positions": {
    "0": [
      -4.362348750685116,
      -2.573673509767509
    ],
    "1": [
      0.892056418479048,
      3.0350999678320925
    ],
    "2": [
      2.7647952874681883,
      -3.813898966938601
    ],
    "3": [
      2.7995376746271514,
      -2.393510738008514
    ],
    "4": [
      4.407549048743464,
      -3.8257996048041587
    ],
    "5": [
      -3.0275289774994985,
      1.4973067730276144
    ],
    "6": [
      -1.8118925419853236,
      -2.628109965321248
    ],
    "7": [
      -4.830015104896824,
      0.3776060108442323
    ],
    "8": [
      -1.506917696370036,
      2.702254998745234
    ],
    "9": [
      -0.765851691516291,
      2.401085739468108
    ],
    "10": [
      3.6267058300909643,
      -1.4351357184300086
    ],
    "11": [
      1.0597389602269676,
      -4.141810977534867
    ],
    "12": [
      1.3920640781907299,
      2.1820976531662346
    ],
    "13": [
      -4.440637891431786,
      -0.5603478392884353
    ],
    "14": [
      2.210771610254316,
      0.13440817609082423
    ],
    "15": [
      4.917193433125481,
      -0.3908235430383673
    ]
  },
  "agents": [
    0,
    1,
    2,
    3,
    4,
    5,
    6,
    7,
    8,
    9
  ],
  "starts": {
    "0": 0,
    "1": 11,
    "2": 13,
    "3": 5,
    "4": 2,
    "5": 4,
    "6": 1,
    "7": 7,
    "8": 6,
    "9": 8
  },
  "goals": {
    "0": 12,
    "1": 2,
    "2": 14,
    "3": 10,
    "4": 4,
    "5": 0,
    "6": 6,
    "7": 15,
    "8": 8,
    "9": 13
  },
  "size": 0.3
}