{
  "graph": {
    "0": [
      11,
      4,
      13
    ],
    "13": [
      0,
      1,
      4
    ],
    "4": [
      0,
      13
    ],
    "1": [
      13,
      6
    ],
    "6": [
      1,
      12,
      7
    ],
    "2": [
      3,
      8,
      9,
      11,
      15
    ],
    "15": [
      2,
      3
    ],
    "8": [
      11,
      2,
      3
    ],
    "3": [
      2,
      8,
      9,
      11,
      15
    ],
    "9": [
      2,
      3,
      5
    ],
    "5": [
      9,
      12,
      14
    ],
    "14": [
      5,
      7
    ],
    "7": [
      6,
      10,
      12,
      14
    ],
    "12": [
      5,
      6,
      7,
      10
    ],
    "10": [
      12,
      7
    ],
    "11": [
      8,
      0,
      2,
      3
    ]
  },
  "vert_positions": {
    "0": [
      -0.013000416898888645,
      2.7138558650712525
    ],
    "1": [
      3.1744170204156017,
      -3.6592136658519356
    ],
    "2": [
      -3.3782715903794847,
      0.9273457593197794
    ],
    "3": [
      -4.492894090265919,
      1.9921744524402927
    ],
    "4": [
      2.636470081540078,
      3.378125980240087
    ],
    "5": [
      -3.2526676679163113,
      -1.5393811614675599
    ],
    "6": [
      1.5181457430368646,
      -3.3113793839127337
    ],
    "7": [
      -0.3026261369055536,
      -3.404082512965978
    ],
    "8": [
      -3.117328995206882,
      2.392942878046922
    ],
    "9": [
      -4.134558699907527,
      -0.5527175396487847
    ],
    "10": [
      -2.931285889034292,
      -3.0849509999570754
    ],
    "11": [
      -3.8957703296806234,
      4.578683555207521
    ],
    "12": [
      -2.704970656471403,
      -3.8926048763166143
    ],
    "13": [
      0.1164297825620606,
      1.490971386692097
    ],
    "14": [
      -2.2317475861926237,
      -0.7096109097370213
    ],
    "15": [
      -4.432061692371606,
      0.7982798712451569
    ]
  },
  "agents": [
    0,
    1,
    2,
    3,
    4,
    5,
    6,
    7,
    8,
    9
  ],
  "starts": {
    "0": 5,
    "1": 11,
    "2": 10,
    "3": 7,
    "4": 4,
    "5": 6,
    "6": 1,
    "7": 9,
    "8": 13,
    "9": 12
  },
  "goals": {
    "0": 0,
    "1": 8,
    "2": 7,
    "3": 13,
    "4": 3,
    "5": 9,
    "6": 2,
    "7": 12,
    "8": 10,
    "9": 15
  },
  "size": 0.3
}