{
  "graph": {
    "0": [
      8,
      12
    ],
    "12": [
      0,
      1
    ],
    "8": [
      0,
      9,
      15
    ],
    "1": [
      2,
      6,
      7,
      10,
      11,
      12
    ],
    "7": [
      1,
      6
    ],
    "2": [
      1,
      4,
      11,
      13,
      14
    ],
    "11": [
      1,
      2,
      13,
      15
    ],
    "10": [
      1,
      6,
      14
    ],
    "13": [
      2,
      11,
      4
    ],
    "14": [
      2,
      10
    ],
    "3": [
      5,
      15
    ],
    "15": [
      8,
      9,
      3,
      11
    ],
    "5": [
      9,
      3
    ],
    "4": [
      2,
      13
    ],
    "9": [
      8,
      5,
      15
    ],
    "6": [
      1,
      10,
      7
    ]
  },
  "vert_positions": {
    "0": [
      -2.5693746632817382,
      3.453654537661148
    ],
    "1": [
      1.55515343465348,
      1.8774570832860853
    ],
    "2": [
      1.9322569317225788,
      -0.5254939358673196
    ],
    "3": [
      -1.743423765933315,
      -3.1488190042865813
    ],
    "4": [
      1.2726402589375576,
      -3.3621029387372934
    ],
    "5": [
      -4.0264816697603,
      -2.7980262817096904
    ],
    "6": [
      4.665150613985507,
      3.586683283133656
    ],
    "7": [
      0.5794462391107604,
      2.332449323663621
    ],
    "8": [
      -3.2682538640007017,
      0.23191712417073163
    ],
    "9": [
      -3.5781198805124657,
      -1.8007868105487166
    ],
    "10": [
      4.738421227033818,
      0.6348807286534708
    ],
    "11": [
      -0.39406985471102995,
      -0.21375982858521603
    ],
    "12": [
      -0.9594058770081322,
      2.259346443355522
    ],
    "13": [
      0.6560786666582494,
      -2.62774108088578
    ],
    "14": [
      4.26192802283113,
      -1.80567122126994
    ],
    "15": [
      -1.6640817643621162,
      -1.324553178726097
    ]
  },
  "agents": [
    0,
    1,
    2,
    3,
    4,
    5,
    6,
    7,
    8,
    9
  ],
  "starts": {
    "0": 8,
    "1": 1,
    "2": 14,
    "3": 3,
    "4": 6,
    "5": 12,
    "6": 2,
    "7": 5,
    "8": 9,
    "9": 4
  },
  "goals": {
    "0": 5,
    "1": 3,
    "2": 8,
    "3": 15,
    "4": 2,
    "5": 9,
    "6": 11,
    "7": 7,
    "8": 10,
    "9": 12
  },
  "size": 0.3
}