{
  "graph": {
    "0": [
      1,
      5,
      8,
      13,
      14
    ],
    "14": [
      0,
      1,
      8,
      13
    ],
    "8": [
      0,
      13,
      14
    ],
    "1": [
      0,
      2,
      4,
      9,
      14
    ],
    "13": [
      0,
      8,
      14
    ],
    "5": [
      0,
      6,
      10,
      11,
      12,
      15
    ],
    "2": [
      1,
      4,
      9
    ],
    "9": [
      1,
      2,
      4
    ],
    "4": [
      1,
      2,
      9,
      7
    ],
    "3": [
      10,
      11
    ],
    "11": [
      3,
      5,
      10
    ],
    "10": [
      3,
      5,
      11,
      15
    ],
    "15": [
      10,
      12,
      5,
      6
    ],
    "6": [
      5,
      12,
      15,
      7
    ],
    "12": [
      5,
      6,
      7,
      15
    ],
    "7": [
      4,
      12,
      6
    ]
  },
  "vert_positions": {
    "0": [
      1.4774994234076155,
      -2.675269553222852
    ],
    "1": [
      2.2679852721491933,
      0.5740080653138326
    ],
    "2": [
      1.9823144412690503,
      2.334007913351134
    ],
    "3": [
      -3.8520233577745158,
      -4.678331215525579
    ],
    "4": [
      -0.39126605925873026,
      2.1529966934102145
    ],
    "5": [
      -2.466792377046435,
      -1.0397809588981999
    ],
    "6": [
      -3.342269550960242,
      1.4113609975179084
    ],
    "7": [
      -1.4686049875884821,
      0.7631632288997094
    ],
    "8": [
      3.255837730374731,
      -3.2072962473103783
    ],
    "9": [
      0.26642933720998485,
      2.595321651715614
    ],
    "10": [
      -3.436077618035985,
      -1.3540058942084396
    ],
    "11": [
      -4.262133278905932,
      -2.5967380171281986
    ],
    "12": [
      -3.778509890820816,
      0.6464760829352114
    ],
    "13": [
      4.670058004291883,
      -4.559436634053061
    ],
    "14": [
      1.4146267243244681,
      -3.447806764903331
    ],
    "15": [
      -4.38306615026152,
      -0.7724725598633171
    ]
  },
  "agents": [
    0,
    1,
    2,
    3,
    4,
    5,
    6,
    7,
    8,
    9
  ],
  "starts": {
    "0": 14,
    "1": 6,
    "2": 7,
    "3": 3,
    "4": 5,
    "5": 0,
    "6": 13,
    "7": 15,
    "8": 11,
    "9": 4
  },
  "goals": {
    "0": 14,
    "1": 6,
    "2": 9,
    "3": 10,
    "4": 5,
    "5": 2,
    "6": 0,
    "7": 12,
    "8": 7,
    "9": 11
  },
  "size": 0.3
}