{
  "graph": {
    "0": [
      6,
      7,
      8,
      13,
      14
    ],
    "8": [
      0,
      13,
      14,
      7
    ],
    "13": [
      0,
      3,
      6,
      8
    ],
    "7": [
      0,
      4,
      8,
      11,
      12
    ],
    "6": [
      0,
      1,
      3,
      13
    ],
    "1": [
      3,
      2,
      11,
      6
    ],
    "11": [
      1,
      3,
      7
    ],
    "3": [
      1,
      11,
      13,
      6
    ],
    "2": [
      1,
      10,
      5
    ],
    "5": [
      2,
      4,
      9,
      10,
      12,
      15
    ],
    "10": [
      2,
      5,
      15
    ],
    "4": [
      5,
      7,
      9,
      12,
      14,
      15
    ],
    "9": [
      4,
      5,
      15
    ],
    "12": [
      4,
      5,
      7
    ],
    "14": [
      8,
      0,
      4
    ],
    "15": [
      4,
      5,
      9,
      10
    ]
  },
  "vert_positions": {
    "0": [
      4.128400925831194,
      -1.0937315129944958
    ],
    "1": [
      -0.3835245199499209,
      -4.087306240167762
    ],
    "2": [
      -3.084912323850392,
      -3.5645233578328717
    ],
    "3": [
      1.891121208720418,
      -3.850821108373401
    ],
    "4": [
      -0.6555157553153732,
      3.865846809900159
    ],
    "5": [
      -1.7971978918906704,
      -0.19009118595279428
    ],
    "6": [
      2.885969870805976,
      -3.81836622693886
    ],
    "7": [
      1.4951397505217443,
      -0.5517743052457291
    ],
    "8": [
      3.8134149943007216,
      -0.33280835493909056
    ],
    "9": [
      -0.9406914930021824,
      1.2370151186164682
    ],
    "10": [
      -3.4933063381636806,
      0.9252634114334635
    ],
    "11": [
      0.6398208281353028,
      -2.5123800735674253
    ],
    "12": [
      0.0015092140744883409,
      0.6074485246913719
    ],
    "13": [
      4.87109515420453,
      -3.3023594229631015
    ],
    "14": [
      4.091235794308169,
      4.32604083017908
    ],
    "15": [
      -4.509192642878997,
      1.8289637087486712
    ]
  },
  "agents": [
    0,
    1,
    2,
    3,
    4,
    5,
    6,
    7,
    8,
    9
  ],
  "starts": {
    "0": 4,
    "1": 15,
    "2": 14,
    "3": 6,
    "4": 2,
    "5": 7,
    "6": 9,
    "7": 13,
    "8": 5,
    "9": 11
  },
  "goals": {
    "0": 3,
    "1": 9,
    "2": 6,
    "3": 10,
    "4": 13,
    "5": 7,
    "6": 8,
    "7": 15,
    "8": 2,
    "9": 1
  },
  "size": 0.3
}