{
  "graph": {
    "0": [
      1,
      2,
      7,
      8,
      12,
      13,
      15
    ],
    "8": [
      0,
      1,
      2,
      12
    ],
    "13": [
      0,
      4,
      6,
      7
    ],
    "7": [
      0,
      6,
      11,
      13,
      15
    ],
    "15": [
      0,
      3,
      7
    ],
    "1": [
      0,
      3,
      5,
      8,
      10,
      12
    ],
    "3": [
      1,
      15
    ],
    "10": [
      1,
      2,
      5
    ],
    "2": [
      0,
      5,
      8,
      10,
      12
    ],
    "12": [
      0,
      1,
      2,
      8
    ],
    "5": [
      1,
      2,
      10
    ],
    "4": [
      6,
      9,
      11,
      13,
      14
    ],
    "9": [
      4,
      6,
      11,
      14
    ],
    "11": [
      4,
      6,
      7,
      9,
      14
    ],
    "14": [
      9,
      11,
      4
    ],
    "6": [
      4,
      7,
      9,
      11,
      13
    ]
  },
  "vert_positions": {
    "0": [
      -2.7218381273925885,
      -0.6002193604733961
    ],
    "1": [
      -0.7161035943137897,
      -4.68878927158971
    ],
    "2": [
      3.216454974485627,
      1.3953424008746316
    ],
    "3": [
      -4.40249144994322,
      -4.713117285893576
    ],
    "4": [
      -4.366052374227226,
      4.429108275326806
    ],
    "5": [
      4.919290234047459,
      -4.482131408256796
    ],
    "6": [
      -3.512587022650039,
      2.342994472329849
    ],
    "7": [
      -4.617937994503508,
      0.6680325329354027
    ],
    "8": [
      -1.4295363790701132,
      0.1714207419401479
    ],
    "9": [
      -4.877611657002041,
      3.8484677056025713
    ],
    "10": [
      2.793046755245296,
      -3.192068723482002
    ],
    "11": [
      -3.6880248740969646,
      3.30591856829564
    ],
    "12": [
      0.6891724520980658,
      4.507228877499465
    ],
    "13": [
      -3.2827918297693683,
      0.8336937794476782
    ],
    "14": [
      -2.77620689259947,
      4.579932329268804
    ],
    "15": [
      -4.079919655788026,
      -2.6467086855766295
    ]
  },
  "agents": [
    0,
    1,
    2,
    3,
    4,
    5,
    6,
    7,
    8,
    9
  ],
  "starts": {
    "0": 1,
    "1": 13,
    "2": 4,
    "3": 15,
    "4": 7,
    "5": 14,
    "6": 3,
    "7": 0,
    "8": 12,
    "9": 5
  },
  "goals": {
    "0": 11,
    "1": 2,
    "2": 5,
    "3": 3,
    "4": 9,
    "5": 15,
    "6": 1,
    "7": 6,
    "8": 14,
    "9": 10
  },
  "size": 0.3
}