{
  "graph": {
    "0": [
      9,
      10,
      3,
      4
    ],
    "4": [
      0,
      11,
      3,
      12
    ],
    "9": [
      0,
      3
    ],
    "10": [
      0,
      12,
      5
    ],
    "1": [
      5,
      6,
      8,
      12,
      13,
      15
    ],
    "15": [
      8,
      1,
      2,
      14
    ],
    "12": [
      1,
      10,
      4
    ],
    "6": [
      1,
      5
    ],
    "13": [
      8,
      1,
      2
    ],
    "2": [
      8,
      15,
      13,
      7
    ],
    "8": [
      1,
      2,
      13,
      14,
      15
    ],
    "7": [
      2,
      11
    ],
    "3": [
      0,
      9,
      11,
      4
    ],
    "11": [
      3,
      4,
      7
    ],
    "5": [
      1,
      10,
      6
    ],
    "14": [
      8,
      15
    ]
  },
  "vert_positions": {
    "0": [
      -2.340561140752796,
      -2.677289396522673
    ],
    "1": [
      2.4869601780237076,
      0.402326174885026
    ],
    "2": [
      -0.5650216000970438,
      4.63094243677652
    ],
    "3": [
      -3.634136082137739,
      -4.89224897811046
    ],
    "4": [
      -0.9020332753955156,
      -0.695630244435236
    ],
    "5": [
      3.9709073442934546,
      -3.2494402387654295
    ],
    "6": [
      4.045566456483202,
      -1.8211939177010672
    ],
    "7": [
      -3.0425399991952595,
      2.221347365974643
    ],
    "8": [
      0.029620369508998934,
      2.9920800934707357
    ],
    "9": [
      -4.418284166847689,
      -1.2912415743561945
    ],
    "10": [
      0.05828660172860989,
      -3.553337172054507
    ],
    "11": [
      -1.7295796978392253,
      0.14408962703165606
    ],
    "12": [
      0.42287150194222534,
      -1.2694501829963176
    ],
    "13": [
      -0.34980539209896655,
      1.9151235241174414
    ],
    "14": [
      4.136011844192479,
      4.915407390270101
    ],
    "15": [
      1.6436527551506064,
      1.0311005811060925
    ]
  },
  "agents": [
    0,
    1,
    2,
    3,
    4,
    5,
    6,
    7,
    8,
    9
  ],
  "starts": {
    "0": 15,
    "1": 10,
    "2": 2,
    "3": 12,
    "4": 1,
    "5": 6,
    "6": 11,
    "7": 8,
    "8": 3,
    "9": 4
  },
  "goals": {
    "0": 12,
    "1": 4,
    "2": 13,
    "3": 3,
    "4": 14,
    "5": 1,
    "6": 6,
    "7": 9,
    "8": 0,
    "9": 15
  },
  "size": 0.3
}