{
  "graph": {
    "0": [
      2,
      6,
      8,
      10,
      13
    ],
    "10": [
      0,
      6,
      8
    ],
    "6": [
      0,
      3,
      7,
      8,
      10
    ],
    "1": [
      3,
      4,
      5,
      11,
      14,
      15
    ],
    "15": [
      11,
      1,
      3,
      4
    ],
    "4": [
      1,
      11,
      14,
      15
    ],
    "5": [
      1,
      2,
      8,
      12,
      13,
      14
    ],
    "11": [
      1,
      3,
      4,
      15
    ],
    "2": [
      0,
      5,
      9,
      12,
      13
    ],
    "9": [
      2,
      12
    ],
    "12": [
      9,
      2,
      13,
      5
    ],
    "13": [
      0,
      2,
      5,
      12
    ],
    "3": [
      1,
      6,
      7,
      11,
      15
    ],
    "7": [
      3,
      6
    ],
    "8": [
      0,
      10,
      5,
      6
    ],
    "14": [
      1,
      4,
      5
    ]
  },
  "vert_positions": {
    "0": [
      -2.107532587646878,
      2.2109729917136427
    ],
    "1": [
      -0.32176690165150923,
      -2.38816410478862
    ],
    "2": [
      4.927320813210287,
      2.3537001860201032
    ],
    "3": [
      -3.4874296023727758,
      -2.8979453604311134
    ],
    "4": [
      0.44404072016262397,
      -4.1747140036584005
    ],
    "5": [
      0.18434072495416043,
      -0.21866927954536308
    ],
    "6": [
      -2.675821161359929,
      0.07450753489273065
    ],
    "7": [
      -4.734991080934768,
      -4.42269736310441
    ],
    "8": [
      -3.2968997467727457,
      4.440859359191435
    ],
    "9": [
      3.7857645485569495,
      3.888885636315722
    ],
    "10": [
      -2.900619515522791,
      1.20866359070736
    ],
    "11": [
      -0.4390693322592698,
      -4.818309138855247
    ],
    "12": [
      2.5985376211323334,
      1.2367257038487338
    ],
    "13": [
      -0.1626578415852018,
      0.6526150536690212
    ],
    "14": [
      3.3651115293184013,
      -3.583949563845805
    ],
    "15": [
      -1.175562902650312,
      -3.859038169531126
    ]
  },
  "agents": [
    0,
    1,
    2,
    3,
    4,
    5,
    6,
    7,
    8,
    9
  ],
  "starts": {
    "0": 4,
    "1": 13,
    "2": 8,
    "3": 0,
    "4": 11,
    "5": 9,
    "6": 15,
    "7": 12,
    "8": 7,
    "9": 2
  },
  "goals": {
    "0": 9,
    "1": 13,
    "2": 2,
    "3": 15,
    "4": 12,
    "5": 6,
    "6": 14,
    "7": 4,
    "8": 0,
    "9": 10
  },
  "size": 0.3
}