{
  "graph": {
    "0": [
      3,
      5,
      6,
      13,
      14,
      15
    ],
    "6": [
      0,
      14,
      15
    ],
    "15": [
      0,
      3,
      6
    ],
    "14": [
      0,
      5,
      6
    ],
    "3": [
      0,
      10,
      7,
      15
    ],
    "5": [
      0,
      9,
      2,
      14
    ],
    "1": [
      10,
      9,
      2,
      11
    ],
    "2": [
      1,
      10,
      5,
      9
    ],
    "11": [
      1,
      9
    ],
    "10": [
      1,
      2,
      3,
      9
    ],
    "4": [
      8,
      12,
      7
    ],
    "12": [
      4,
      13
    ],
    "7": [
      8,
      3,
      4
    ],
    "8": [
      4,
      7
    ],
    "9": [
      1,
      2,
      5,
      10,
      11
    ],
    "13": [
      0,
      12
    ]
  },
  "vert_positions": {
    "0": [
      1.4611302545449423,
      -0.443650723288739
    ],
    "1": [
      -4.189724073087168,
      -1.8151017701913243
    ],
    "2": [
      -2.8559815632955807,
      -1.7913798922465252
    ],
    "3": [
      -1.2460761766482764,
      1.0041209985981254
    ],
    "4": [
      1.349769850002815,
      3.223951106185904
    ],
    "5": [
      -0.5281811696332124,
      -3.4838680075234
    ],
    "6": [
      -0.33102791566800516,
      -0.03959451119172641
    ],
    "7": [
      -0.9513569375719655,
      4.396438938154825
    ],
    "8": [
      -1.8376668616144478,
      2.8724624594962043
    ],
    "9": [
      -4.697942544674812,
      -3.80805346487978
    ],
    "10": [
      -3.134983397009199,
      -0.37549360781615526
    ],
    "11": [
      -3.6147186850292226,
      -3.0982365940265586
    ],
    "12": [
      1.6401128901708013,
      3.880295425594639
    ],
    "13": [
      4.154408026387012,
      4.895490394995578
    ],
    "14": [
      3.273556622773892,
      -2.5494579274732754
    ],
    "15": [
      -0.16828222064387965,
      0.8644909190396852
    ]
  },
  "agents": [
    0,
    1,
    2,
    3,
    4,
    5,
    6,
    7,
    8,
    9
  ],
  "starts": {
    "0": 13,
    "1": 15,
    "2": 2,
    "3": 7,
    "4": 4,
    "5": 11,
    "6": 3,
    "7": 9,
    "8": 8,
    "9": 1
  },
  "goals": {
    "0": 1,
    "1": 14,
    "2": 0,
    "3": 2,
    "4": 9,
    "5": 5,
    "6": 11,
    "7": 10,
    "8": 7,
    "9": 8
  },
  "size": 0.3
}