{
  "graph": {
    "0": [
      2,
      3,
      4,
      6,
      14,
      15
    ],
    "14": [
      0,
      2,
      4,
      6
    ],
    "4": [
      0,
      14
    ],
    "15": [
      0,
      3,
      12
    ],
    "3": [
      0,
      7,
      11,
      12,
      15
    ],
    "6": [
      0,
      2,
      10,
      14
    ],
    "1": [
      8,
      11,
      5
    ],
    "5": [
      8,
      1
    ],
    "11": [
      1,
      2,
      3
    ],
    "2": [
      0,
      6,
      10,
      11,
      14
    ],
    "10": [
      2,
      6
    ],
    "8": [
      1,
      5,
      9,
      13
    ],
    "7": [
      9,
      3,
      12,
      13
    ],
    "9": [
      8,
      13,
      7
    ],
    "13": [
      7,
      8,
      9
    ],
    "12": [
      3,
      15,
      7
    ]
  },
  "vert_positions": {
    "0": [
      2.5336603759886156,
      -3.5593973968803763
    ],
    "1": [
      0.6713085201432589,
      3.406404525864213
    ],
    "2": [
      4.165676395435144,
      -0.6114606810045062
    ],
    "3": [
      0.2445356559410019,
      -2.184925213139677
    ],
    "4": [
      3.4560584049151917,
      -4.015824354542946
    ],
    "5": [
      -2.981239850165436,
      4.956733093815767
    ],
    "6": [
      4.149501170889318,
      -1.3563418833396677
    ],
    "7": [
      -3.9514231373886624,
      -2.576611953027006
    ],
    "8": [
      -4.5173821068933195,
      3.4879854687159657
    ],
    "9": [
      -2.203622323378731,
      -0.20560625999576487
    ],
    "10": [
      4.544063436623572,
      0.9480204141195134
    ],
    "11": [
      1.471201819461979,
      -0.9216080366444839
    ],
    "12": [
      -0.3181560985472407,
      -4.98165039488291
    ],
    "13": [
      -2.7436610941992323,
      0.9774031435897417
    ],
    "14": [
      2.629145045747028,
      -2.6455739837589998
    ],
    "15": [
      0.6730747166794258,
      -4.363634586093661
    ]
  },
  "agents": [
    0,
    1,
    2,
    3,
    4,
    5,
    6,
    7,
    8,
    9,
    10
  ],
  "starts": {
    "0": 2,
    "1": 4,
    "2": 6,
    "3": 5,
    "4": 15,
    "5": 13,
    "6": 10,
    "7": 9,
    "8": 8,
    "9": 7,
    "10": 3
  },
  "goals": {
    "0": 5,
    "1": 10,
    "2": 15,
    "3": 7,
    "4": 13,
    "5": 14,
    "6": 9,
    "7": 12,
    "8": 0,
    "9": 1,
    "10": 6
  },
  "size": 0.3
}