{
  "graph": {
    "0": [
      1,
      3,
      12
    ],
    "12": [
      0,
      3,
      5
    ],
    "3": [
      0,
      1,
      5,
      12
    ],
    "1": [
      0,
      3,
      6,
      10,
      11
    ],
    "11": [
      1,
      10,
      6
    ],
    "10": [
      1,
      11,
      4,
      6
    ],
    "6": [
      1,
      4,
      10,
      11
    ],
    "2": [
      5,
      7,
      13,
      14,
      15
    ],
    "13": [
      2,
      15,
      7
    ],
    "15": [
      2,
      13
    ],
    "7": [
      2,
      5,
      13
    ],
    "5": [
      2,
      3,
      12,
      7
    ],
    "14": [
      8,
      9,
      2
    ],
    "4": [
      8,
      9,
      10,
      6
    ],
    "9": [
      8,
      4,
      14
    ],
    "8": [
      9,
      4,
      14
    ]
  },
  "vert_positions": {
    "0": [
      0.05049616194496043,
      0.5635892738910044
    ],
    "1": [
      4.893351215579706,
      -3.9530128418099277
    ],
    "2": [
      -3.701277159233615,
      3.465195126278781
    ],
    "3": [
      1.6663470971928716,
      2.211259826771089
    ],
    "4": [
      -1.1777742408494971,
      -4.052186507434435
    ],
    "5": [
      -0.9388941962917237,
      3.770616506391116
    ],
    "6": [
      0.770855426978371,
      -4.909561778574405
    ],
    "7": [
      -2.3164819919731574,
      4.312809013346543
    ],
    "8": [
      -2.419231330771572,
      -0.4240993765183596
    ],
    "9": [
      -3.287216546806672,
      -2.289585218676029
    ],
    "10": [
      1.4179101060223074,
      -4.231737797377905
    ],
    "11": [
      3.232579935359384,
      -3.374787705594111
    ],
    "12": [
      0.5695959747216524,
      1.8168294823362015
    ],
    "13": [
      -4.287985977638074,
      4.183873652222967
    ],
    "14": [
      -2.546641392363763,
      0.8068844023707102
    ],
    "15": [
      -4.87149104082238,
      3.536954130558712
    ]
  },
  "agents": [
    0,
    1,
    2,
    3,
    4,
    5,
    6,
    7,
    8,
    9,
    10,
    11
  ],
  "starts": {
    "0": 2,
    "1": 3,
    "2": 10,
    "3": 5,
    "4": 13,
    "5": 1,
    "6": 0,
    "7": 15,
    "8": 9,
    "9": 12,
    "10": 4,
    "11": 6
  },
  "goals": {
    "0": 11,
    "1": 3,
    "2": 2,
    "3": 10,
    "4": 0,
    "5": 4,
    "6": 12,
    "7": 15,
    "8": 6,
    "9": 7,
    "10": 14,
    "11": 8
  },
  "size": 0.3
}