{
  "graph": {
    "0": [
      12,
      5,
      14
    ],
    "14": [
      0,
      12,
      13
    ],
    "12": [
      0,
      14
    ],
    "1": [
      5,
      7,
      8,
      10,
      11
    ],
    "11": [
      1,
      7,
      10
    ],
    "10": [
      1,
      4,
      11,
      15
    ],
    "8": [
      1,
      5,
      7
    ],
    "2": [
      3,
      4,
      6,
      9,
      15
    ],
    "6": [
      2,
      3
    ],
    "3": [
      2,
      4,
      6
    ],
    "9": [
      2,
      13
    ],
    "4": [
      3,
      2,
      10,
      15
    ],
    "15": [
      2,
      10,
      4
    ],
    "5": [
      8,
      1,
      0,
      7
    ],
    "7": [
      1,
      5,
      8,
      11
    ],
    "13": [
      9,
      14
    ]
  },
  "vert_positions": {
    "0": [
      -1.7412664744126793,
      1.7748221100265962
    ],
    "1": [
      2.1416344109043353,
      0.6622382904925566
    ],
    "2": [
      -1.2793809201979056,
      -4.891054570762938
    ],
    "3": [
      0.2318202751039964,
      -3.794516452760479
    ],
    "4": [
      0.423522892263394,
      -1.8062979238805776
    ],
    "5": [
      2.596883445616564,
      4.129938178833228
    ],
    "6": [
      -0.26478191089483794,
      -4.651568185193366
    ],
    "7": [
      4.3666459255077665,
      3.00141546702484
    ],
    "8": [
      2.202849687454968,
      3.1040406113627217
    ],
    "9": [
      -2.2924737328387113,
      -2.3812950848206373
    ],
    "10": [
      2.0441266756150833,
      -1.230860735052989
    ],
    "11": [
      3.2926814308672743,
      -0.21994570929539936
    ],
    "12": [
      -3.692272655222497,
      2.7196609033822554
    ],
    "13": [
      -3.7962271051306926,
      -0.4102078887643925
    ],
    "14": [
      -2.797647450569195,
      3.5019018932153827
    ],
    "15": [
      1.3991516454437676,
      -1.8507585932018458
    ]
  },
  "agents": [
    0,
    1,
    2,
    3,
    4,
    5,
    6,
    7,
    8,
    9,
    10,
    11,
    12,
    13
  ],
  "starts": {
    "0": 0,
    "1": 7,
    "2": 10,
    "3": 5,
    "4": 12,
    "5": 6,
    "6": 1,
    "7": 8,
    "8": 4,
    "9": 9,
    "10": 13,
    "11": 15,
    "12": 2,
    "13": 11
  },
  "goals": {
    "0": 1,
    "1": 4,
    "2": 7,
    "3": 6,
    "4": 3,
    "5": 11,
    "6": 13,
    "7": 5,
    "8": 9,
    "9": 14,
    "10": 12,
    "11": 15,
    "12": 2,
    "13": 8
  },
  "size": 0.3
}