{
  "graph": {
    "0": [
      4,
      5,
      6,
      11,
      15
    ],
    "5": [
      0,
      11,
      4,
      15
    ],
    "11": [
      0,
      2,
      5,
      15
    ],
    "4": [
      0,
      9,
      5
    ],
    "15": [
      0,
      5,
      6,
      11
    ],
    "6": [
      0,
      12,
      15
    ],
    "1": [
      8,
      14,
      7
    ],
    "14": [
      8,
      1,
      3
    ],
    "8": [
      1,
      3,
      14,
      7
    ],
    "2": [
      11,
      13
    ],
    "13": [
      2,
      12
    ],
    "3": [
      8,
      12,
      14
    ],
    "12": [
      3,
      13,
      6
    ],
    "9": [
      10,
      4,
      7
    ],
    "7": [
      8,
      1,
      10,
      9
    ],
    "10": [
      9,
      7
    ]
  },
  "vert_positions": {
    "0": [
      1.1372900907711827,
      -3.843674537195162
    ],
    "1": [
      1.3573303270389,
      2.8220072258096813
    ],
    "2": [
      -3.7587136866741924,
      -4.0452541027705315
    ],
    "3": [
      -2.576434853238294,
      3.1914364402304987
    ],
    "4": [
      3.834078446326739,
      -2.2197499449616287
    ],
    "5": [
      1.1507492073154193,
      -2.1622991873875987
    ],
    "6": [
      -0.41709596759916856,
      0.3941516369701281
    ],
    "7": [
      3.692458859232646,
      4.495223194931997
    ],
    "8": [
      -0.19330843924533792,
      4.102632548958589
    ],
    "9": [
      4.324308827114688,
      -0.055978720210437594
    ],
    "10": [
      3.530646012756982,
      1.6130311731275953
    ],
    "11": [
      -0.6765627413108612,
      -2.1236811663065502
    ],
    "12": [
      -3.710309379521063,
      1.6312733364142682
    ],
    "13": [
      -4.125932254573316,
      -0.66621518346955
    ],
    "14": [
      -0.24695890474330628,
      2.439074880330958
    ],
    "15": [
      0.0683524080937925,
      -0.5084619813718945
    ]
  },
  "agents": [
    0,
    1,
    2,
    3,
    4,
    5,
    6,
    7,
    8,
    9,
    10,
    11,
    12,
    13
  ],
  "starts": {
    "0": 0,
    "1": 12,
    "2": 6,
    "3": 5,
    "4": 14,
    "5": 1,
    "6": 9,
    "7": 15,
    "8": 8,
    "9": 2,
    "10": 4,
    "11": 13,
    "12": 11,
    "13": 7
  },
  "goals": {
    "0": 5,
    "1": 14,
    "2": 10,
    "3": 6,
    "4": 12,
    "5": 1,
    "6": 8,
    "7": 4,
    "8": 9,
    "9": 15,
    "10": 3,
    "11": 7,
    "12": 0,
    "13": 13
  },
  "size": 0.3
}