{
  "graph": {
    "0": [
      2,
      4,
      6,
      7,
      12,
      14
    ],
    "4": [
      0,
      3,
      11,
      12,
      15
    ],
    "6": [
      0,
      7,
      8,
      13,
      14
    ],
    "14": [
      0,
      6,
      7
    ],
    "2": [
      0,
      1,
      5,
      8,
      9,
      10
    ],
    "7": [
      0,
      6,
      13,
      14
    ],
    "1": [
      2,
      5,
      9,
      10,
      12
    ],
    "12": [
      0,
      1,
      3,
      4
    ],
    "9": [
      1,
      2,
      5,
      8,
      10
    ],
    "3": [
      11,
      4,
      12,
      15
    ],
    "15": [
      3,
      4,
      11
    ],
    "11": [
      3,
      4,
      15
    ],
    "5": [
      1,
      2,
      8,
      9,
      10
    ],
    "8": [
      2,
      5,
      6,
      9
    ],
    "13": [
      6,
      7
    ],
    "10": [
      9,
      2,
      5,
      1
    ]
  },
  "vert_positions": {
    "0": [
      1.0248731394084087,
      -0.2337276623265705
    ],
    "1": [
      -2.3559811220741245,
      -0.7612019644608683
    ],
    "2": [
      -0.6278597342640406,
      -3.142760557085257
    ],
    "3": [
      -1.3143732550435958,
      2.418245317374933
    ],
    "4": [
      -0.09780487624831746,
      1.2474874500414792
    ],
    "5": [
      -1.1696473344288263,
      -3.7070060623394774
    ],
    "6": [
      2.390942583214539,
      -2.299575464278746
    ],
    "7": [
      3.6697276213610746,
      1.9091457053975063
    ],
    "8": [
      -0.3927147465942671,
      -4.037441705439985
    ],
    "9": [
      -1.915409127212051,
      -3.62166748451787
    ],
    "10": [
      -4.481429514838313,
      -4.42073764237761
    ],
    "11": [
      -1.9375249181241694,
      4.678185981090243
    ],
    "12": [
      -1.8473793256087223,
      -0.1582582020809875
    ],
    "13": [
      3.29953048123685,
      -4.750900436184534
    ],
    "14": [
      3.749971609151407,
      -1.1899578890211373
    ],
    "15": [
      -0.04432426783789278,
      3.931740621237495
    ]
  },
  "agents": [
    0,
    1,
    2,
    3,
    4,
    5
  ],
  "starts": {
    "0": 6,
    "1": 13,
    "2": 5,
    "3": 0,
    "4": 10,
    "5": 8
  },
  "goals": {
    "0": 5,
    "1": 3,
    "2": 8,
    "3": 10,
    "4": 1,
    "5": 12
  },
  "size": 0.3
}