{
  "graph": {
    "0": [
      3,
      4,
      7,
      10,
      13
    ],
    "7": [
      0,
      3
    ],
    "3": [
      0,
      10,
      7
    ],
    "13": [
      0,
      12,
      15
    ],
    "10": [
      0,
      3,
      5
    ],
    "1": [
      2,
      4,
      5,
      8,
      11
    ],
    "8": [
      1,
      5
    ],
    "5": [
      8,
      1,
      10
    ],
    "2": [
      1,
      4,
      6,
      11,
      14
    ],
    "11": [
      1,
      2,
      4
    ],
    "14": [
      9,
      2,
      6
    ],
    "4": [
      0,
      1,
      2,
      11
    ],
    "6": [
      2,
      9,
      12,
      14,
      15
    ],
    "9": [
      15,
      6,
      14
    ],
    "15": [
      9,
      12,
      13,
      6
    ],
    "12": [
      13,
      6,
      15
    ]
  },
  "vert_positions": {
    "0": [
      -2.0260536114452465,
      2.9102981307626123
    ],
    "1": [
      2.574856533161701,
      -1.224573941100159
    ],
    "2": [
      0.08471672963171528,
      -4.725997732761918
    ],
    "3": [
      0.8561579902880379,
      4.837203335456717
    ],
    "4": [
      3.5568036813677892,
      -4.642008530318037
    ],
    "5": [
      3.607342573755128,
      1.9742791668672313
    ],
    "6": [
      -4.533799183212911,
      -4.0610419460494285
    ],
    "7": [
      -1.7204669258232865,
      4.436702721540483
    ],
    "8": [
      2.6822791888431166,
      1.8702773621795732
    ],
    "9": [
      -2.4365407431895783,
      -1.654774381699946
    ],
    "10": [
      1.523657812269735,
      4.506187903889479
    ],
    "11": [
      1.5355697254649323,
      -4.737559043890117
    ],
    "12": [
      -4.905012911042657,
      -0.137283854639775
    ],
    "13": [
      -4.765725066989756,
      0.7238081805594296
    ],
    "14": [
      -1.2585417824700706,
      -1.7181154776409233
    ],
    "15": [
      -3.209382015106743,
      -0.7531946937523601
    ]
  },
  "agents": [
    0,
    1,
    2,
    3,
    4,
    5,
    6,
    7
  ],
  "starts": {
    "0": 13,
    "1": 6,
    "2": 11,
    "3": 1,
    "4": 5,
    "5": 10,
    "6": 7,
    "7": 9
  },
  "goals": {
    "0": 15,
    "1": 12,
    "2": 13,
    "3": 4,
    "4": 6,
    "5": 14,
    "6": 2,
    "7": 1
  },
  "size": 0.3
}