{
  "graph": {
    "0": [
      8,
      4,
      5,
      15
    ],
    "15": [
      0,
      8,
      4
    ],
    "8": [
      0,
      4,
      14,
      15
    ],
    "5": [
      0,
      10,
      3,
      12
    ],
    "1": [
      2,
      4,
      6,
      9,
      13
    ],
    "2": [
      1,
      4,
      13
    ],
    "9": [
      1,
      13,
      6
    ],
    "13": [
      1,
      2,
      9,
      14
    ],
    "3": [
      5,
      6,
      10,
      11,
      12
    ],
    "10": [
      3,
      5
    ],
    "12": [
      3,
      5
    ],
    "11": [
      3,
      6,
      7
    ],
    "4": [
      0,
      1,
      2,
      8,
      15
    ],
    "6": [
      1,
      3,
      7,
      9,
      11
    ],
    "7": [
      11,
      6
    ],
    "14": [
      8,
      13
    ]
  },
  "vert_positions": {
    "0": [
      4.870332239000085,
      2.933040759911881
    ],
    "1": [
      -2.7540026183650923,
      -3.7569370773918607
    ],
    "2": [
      -2.3731629122694695,
      -4.952311812174085
    ],
    "3": [
      -2.591972487342309,
      2.8133695754077026
    ],
    "4": [
      3.9606977190598425,
      -4.160565306376447
    ],
    "5": [
      -1.3778195126427892,
      4.936668791439043
    ],
    "6": [
      -4.772188403433239,
      -1.1622525195351807
    ],
    "7": [
      -3.119525497406216,
      -0.14624878844533118
    ],
    "8": [
      -0.5516104136434201,
      0.8661025447819304
    ],
    "9": [
      -3.086971078302656,
      -2.33329277310986
    ],
    "10": [
      -2.3454903133868665,
      4.021521739868497
    ],
    "11": [
      -3.5957114754610386,
      1.216514552968878
    ],
    "12": [
      -1.7476784123247304,
      1.6695749099636732
    ],
    "13": [
      -1.296081810548293,
      -3.493605816348083
    ],
    "14": [
      -0.9771733622358534,
      0.171385491320323
    ],
    "15": [
      0.9073259181423108,
      0.17969637167741404
    ]
  },
  "agents": [
    0,
    1,
    2,
    3,
    4,
    5,
    6,
    7,
    8
  ],
  "starts": {
    "0": 0,
    "1": 12,
    "2": 9,
    "3": 5,
    "4": 14,
    "5": 10,
    "6": 6,
    "7": 2,
    "8": 4
  },
  "goals": {
    "0": 11,
    "1": 3,
    "2": 9,
    "3": 10,
    "4": 8,
    "5": 5,
    "6": 6,
    "7": 0,
    "8": 1
  },
  "size": 0.3
}