{
  "graph": {
    "0": [
      4,
      5,
      7,
      11,
      14
    ],
    "11": [
      0,
      13,
      7
    ],
    "7": [
      0,
      1,
      11
    ],
    "4": [
      0,
      5,
      6,
      12,
      14
    ],
    "1": [
      13,
      7
    ],
    "13": [
      1,
      2,
      11,
      15
    ],
    "2": [
      3,
      8,
      9,
      12,
      13,
      14,
      15
    ],
    "15": [
      8,
      2,
      10,
      13
    ],
    "9": [
      8,
      10,
      2,
      3
    ],
    "3": [
      8,
      9,
      2,
      10
    ],
    "6": [
      4,
      5
    ],
    "5": [
      0,
      4,
      6
    ],
    "8": [
      2,
      3,
      9,
      10,
      15
    ],
    "10": [
      8,
      9,
      3,
      15
    ],
    "12": [
      2,
      4,
      14
    ],
    "14": [
      0,
      2,
      4,
      12
    ]
  },
  "vert_positions": {
    "0": [
      2.4944737025932877,
      1.0341319885320557
    ],
    "1": [
      4.294747194057232,
      -3.4111214003750714
    ],
    "2": [
      -1.9412064190061695,
      -0.9562840468271645
    ],
    "3": [
      -3.056556660592423,
      -2.808627454684393
    ],
    "4": [
      1.1406165151917786,
      3.734376493018056
    ],
    "5": [
      4.368607294947296,
      3.5977516889310195
    ],
    "6": [
      3.9137486022425954,
      4.378712301496076
    ],
    "7": [
      4.24868265580486,
      -1.2297432260735262
    ],
    "8": [
      -4.155907126376749,
      -1.6645019439337072
    ],
    "9": [
      -3.2153659397207166,
      -2.035926542209067
    ],
    "10": [
      -2.554080630960447,
      -4.531535756365823
    ],
    "11": [
      1.9312438020687868,
      0.4376292803707491
    ],
    "12": [
      -2.3976746541243568,
      3.112313730561832
    ],
    "13": [
      0.764860383015221,
      -1.4125515404668776
    ],
    "14": [
      -3.9252832356025804,
      1.8517628237282127
    ],
    "15": [
      -0.8688955240389724,
      -1.8127829531079298
    ]
  },
  "agents": [
    0,
    1,
    2,
    3,
    4,
    5,
    6,
    7,
    8
  ],
  "starts": {
    "0": 12,
    "1": 11,
    "2": 13,
    "3": 5,
    "4": 15,
    "5": 10,
    "6": 0,
    "7": 3,
    "8": 9
  },
  "goals": {
    "0": 11,
    "1": 5,
    "2": 15,
    "3": 12,
    "4": 7,
    "5": 13,
    "6": 10,
    "7": 0,
    "8": 3
  },
  "size": 0.3
}