{
  "graph": {
    "0": [
      1,
      10,
      7
    ],
    "7": [
      0,
      8,
      10
    ],
    "10": [
      0,
      7
    ],
    "1": [
      0,
      8,
      2,
      6
    ],
    "8": [
      1,
      3,
      4,
      7,
      11
    ],
    "6": [
      1,
      2,
      9,
      12,
      15
    ],
    "2": [
      1,
      12,
      6
    ],
    "12": [
      2,
      5,
      6,
      15
    ],
    "3": [
      8,
      11,
      4,
      13
    ],
    "11": [
      8,
      3,
      13
    ],
    "13": [
      11,
      3,
      4,
      14
    ],
    "4": [
      3,
      5,
      8,
      9,
      13,
      14
    ],
    "14": [
      4,
      13
    ],
    "9": [
      4,
      5,
      6
    ],
    "5": [
      9,
      12,
      4,
      15
    ],
    "15": [
      12,
      5,
      6
    ]
  },
  "vert_positions": {
    "0": [
      -3.8051775459845514,
      -2.7804043246177788
    ],
    "1": [
      -0.9573748461785057,
      -4.287331028766146
    ],
    "2": [
      4.352317103984834,
      -4.540788118009628
    ],
    "3": [
      -4.295247661472454,
      2.69995884532766
    ],
    "4": [
      -0.9436209239965336,
      2.8295925528963277
    ],
    "5": [
      3.589562385048339,
      4.788117336616931
    ],
    "6": [
      2.182316227575839,
      -0.6734519248663577
    ],
    "7": [
      -3.8515461627943437,
      -1.8790526272975008
    ],
    "8": [
      -3.6767001823781897,
      -0.35178715824872064
    ],
    "9": [
      1.3140689079060666,
      3.672441104160562
    ],
    "10": [
      -4.75695038832411,
      -4.950578889595415
    ],
    "11": [
      -4.349653737216469,
      1.4864190558136636
    ],
    "12": [
      4.009489786693981,
      0.643530268973719
    ],
    "13": [
      -3.1792351473477076,
      3.479478363720464
    ],
    "14": [
      -1.0076456672617775,
      3.6568233684074496
    ],
    "15": [
      4.69759393173311,
      1.424608488481284
    ]
  },
  "agents": [
    0,
    1,
    2,
    3,
    4,
    5,
    6,
    7,
    8
  ],
  "starts": {
    "0": 8,
    "1": 4,
    "2": 14,
    "3": 11,
    "4": 12,
    "5": 3,
    "6": 10,
    "7": 1,
    "8": 13
  },
  "goals": {
    "0": 4,
    "1": 15,
    "2": 12,
    "3": 0,
    "4": 2,
    "5": 14,
    "6": 1,
    "7": 8,
    "8": 9
  },
  "size": 0.3
}