{
  "graph": {
    "0": [
      8,
      3,
      2,
      11
    ],
    "8": [
      0,
      2,
      11
    ],
    "11": [
      0,
      8,
      2,
      15
    ],
    "1": [
      3,
      6,
      7,
      10,
      14
    ],
    "10": [
      1,
      3,
      7
    ],
    "3": [
      0,
      1,
      10
    ],
    "14": [
      1,
      5,
      6,
      7,
      12
    ],
    "7": [
      1,
      10,
      12,
      14
    ],
    "6": [
      1,
      4,
      14
    ],
    "2": [
      8,
      0,
      11
    ],
    "4": [
      5,
      6
    ],
    "5": [
      13,
      4,
      12,
      14
    ],
    "9": [
      12,
      13,
      15
    ],
    "13": [
      5,
      9,
      12,
      15
    ],
    "15": [
      9,
      11,
      13
    ],
    "12": [
      5,
      7,
      9,
      13,
      14
    ]
  },
  "vert_positions": {
    "0": [
      -2.0654206560774035,
      -0.8393823624839438
    ],
    "1": [
      -0.8944819854554309,
      3.9973378490170965
    ],
    "2": [
      -4.312534888388661,
      -2.6333565625148756
    ],
    "3": [
      -2.358410345284886,
      2.6993120428681117
    ],
    "4": [
      3.803536989137834,
      4.1805493943525
    ],
    "5": [
      3.5026127264206472,
      2.154774099277784
    ],
    "6": [
      2.833290543151757,
      4.58220513716174
    ],
    "7": [
      1.3643419505608296,
      1.7896398651447507
    ],
    "8": [
      -3.2162120063623547,
      -1.6150127092958702
    ],
    "9": [
      2.7649573621601657,
      -2.626630469919431
    ],
    "10": [
      -2.534150238331052,
      3.5119014126198245
    ],
    "11": [
      -1.9792508489099614,
      -3.058590813909323
    ],
    "12": [
      4.372637247804606,
      0.7092117471121462
    ],
    "13": [
      4.348937899185421,
      -3.1527077347352983
    ],
    "14": [
      1.912231400314539,
      2.576991787264694
    ],
    "15": [
      1.2835277376350582,
      -4.654152924737477
    ]
  },
  "agents": [
    0,
    1,
    2,
    3,
    4,
    5,
    6,
    7,
    8
  ],
  "starts": {
    "0": 13,
    "1": 4,
    "2": 3,
    "3": 0,
    "4": 10,
    "5": 12,
    "6": 9,
    "7": 8,
    "8": 7
  },
  "goals": {
    "0": 2,
    "1": 14,
    "2": 1,
    "3": 12,
    "4": 9,
    "5": 6,
    "6": 0,
    "7": 4,
    "8": 11
  },
  "size": 0.3
}