{
  "graph": {
    "0": [
      8,
      12,
      4
    ],
    "12": [
      0,
      8,
      4
    ],
    "8": [
      0,
      1,
      7,
      12
    ],
    "1": [
      8,
      2,
      5,
      15
    ],
    "5": [
      1,
      2,
      15
    ],
    "15": [
      1,
      2,
      3,
      5,
      10
    ],
    "2": [
      1,
      5,
      6,
      7,
      15
    ],
    "7": [
      2,
      6,
      8,
      13,
      14
    ],
    "6": [
      2,
      14,
      7
    ],
    "3": [
      9,
      10,
      11,
      15
    ],
    "11": [
      9,
      3
    ],
    "10": [
      3,
      4,
      15
    ],
    "9": [
      11,
      3,
      4
    ],
    "4": [
      0,
      9,
      10,
      12
    ],
    "14": [
      13,
      6,
      7
    ],
    "13": [
      14,
      7
    ]
  },
  "vert_positions": {
    "0": [
      -1.6739281636768433,
      -3.864034796217306
    ],
    "1": [
      1.8528745808945644,
      -0.06537125653003262
    ],
    "2": [
      4.82016718554261,
      2.659179167877415
    ],
    "3": [
      -3.742001128408586,
      2.257106891236753
    ],
    "4": [
      -3.940735104863741,
      -2.965882048120009
    ],
    "5": [
      2.9883641271813257,
      1.989132651368875
    ],
    "6": [
      0.7371664309501558,
      -3.596674836288739
    ],
    "7": [
      2.4644105286378366,
      -3.9003361652960256
    ],
    "8": [
      -1.0052865880364168,
      -2.255294762167358
    ],
    "9": [
      -4.7370498199528885,
      -0.28155977448591507
    ],
    "10": [
      -2.2995864406586994,
      0.06979612090246157
    ],
    "11": [
      -4.098402216895515,
      1.1824616958479597
    ],
    "12": [
      -2.1722752952186077,
      -2.5932259909991306
    ],
    "13": [
      3.741382337740614,
      -4.378049305328632
    ],
    "14": [
      1.7523874688366945,
      -3.9641067107333248
    ],
    "15": [
      -1.013127523660323,
      2.1410013228870772
    ]
  },
  "agents": [
    0,
    1,
    2,
    3,
    4,
    5,
    6,
    7,
    8,
    9
  ],
  "starts": {
    "0": 3,
    "1": 14,
    "2": 7,
    "3": 10,
    "4": 11,
    "5": 1,
    "6": 5,
    "7": 0,
    "8": 12,
    "9": 6
  },
  "goals": {
    "0": 15,
    "1": 7,
    "2": 0,
    "3": 11,
    "4": 12,
    "5": 14,
    "6": 3,
    "7": 10,
    "8": 4,
    "9": 8
  },
  "size": 0.3
}