{
  "graph": {
    "0": [
      5,
      8,
      11,
      12,
      13
    ],
    "13": [
      0,
      3,
      8,
      11
    ],
    "11": [
      0,
      3,
      5,
      12,
      13
    ],
    "8": [
      0,
      3,
      13
    ],
    "5": [
      0,
      1,
      11,
      12,
      15
    ],
    "1": [
      2,
      5,
      15
    ],
    "15": [
      1,
      2,
      5
    ],
    "2": [
      1,
      4,
      6,
      9,
      15
    ],
    "9": [
      2,
      4,
      6
    ],
    "6": [
      9,
      2,
      4
    ],
    "3": [
      8,
      10,
      11,
      13
    ],
    "10": [
      3,
      14,
      7
    ],
    "4": [
      9,
      2,
      6,
      7
    ],
    "7": [
      10,
      4,
      14
    ],
    "12": [
      0,
      11,
      5
    ],
    "14": [
      10,
      7
    ]
  },
  "vert_positions": {
    "0": [
      3.7874011725204593,
      0.7852858442009296
    ],
    "1": [
      -2.054216421768573,
      2.0814382118885035
    ],
    "2": [
      -3.3546199953669644,
      0.3176210922830176
    ],
    "3": [
      2.318305768371088,
      -4.943223035902685
    ],
    "4": [
      -4.336075726282392,
      -1.6988295016280408
    ],
    "5": [
      0.6147072469019124,
      1.354796787637854
    ],
    "6": [
      -2.953654010116903,
      -1.2640162687960799
    ],
    "7": [
      -3.423047117701894,
      -3.703906945446626
    ],
    "8": [
      2.593254391397392,
      -2.1901839576089897
    ],
    "9": [
      -4.148670558390119,
      0.6944402707616479
    ],
    "10": [
      -2.399027132146594,
      -3.4870693617350677
    ],
    "11": [
      1.9193926062897297,
      -0.05328200366630398
    ],
    "12": [
      1.3860118802078256,
      1.5708141289023283
    ],
    "13": [
      3.2341079380698528,
      -0.39665265262792104
    ],
    "14": [
      -2.463215149836273,
      -4.512883992746202
    ],
    "15": [
      -1.237596826596227,
      1.4966627504450445
    ]
  },
  "agents": [
    0,
    1,
    2,
    3,
    4,
    5,
    6,
    7,
    8,
    9
  ],
  "starts": {
    "0": 7,
    "1": 2,
    "2": 13,
    "3": 1,
    "4": 15,
    "5": 0,
    "6": 6,
    "7": 10,
    "8": 8,
    "9": 11
  },
  "goals": {
    "0": 8,
    "1": 7,
    "2": 5,
    "3": 10,
    "4": 11,
    "5": 3,
    "6": 6,
    "7": 12,
    "8": 4,
    "9": 1
  },
  "size": 0.3
}