{
  "graph": {
    "0": [
      3,
      2,
      11,
      6
    ],
    "11": [
      0,
      6,
      9,
      14
    ],
    "2": [
      0,
      3,
      5
    ],
    "1": [
      4,
      7,
      8,
      10,
      12,
      15
    ],
    "15": [
      1,
      7
    ],
    "10": [
      1,
      8,
      12
    ],
    "8": [
      1,
      10,
      14,
      7
    ],
    "12": [
      1,
      10,
      3,
      4
    ],
    "4": [
      1,
      12,
      14
    ],
    "5": [
      2,
      3
    ],
    "3": [
      0,
      2,
      12,
      5
    ],
    "14": [
      4,
      8,
      11
    ],
    "6": [
      0,
      9,
      11
    ],
    "9": [
      6,
      7,
      11,
      13
    ],
    "7": [
      1,
      8,
      9,
      13,
      15
    ],
    "13": [
      9,
      7
    ]
  },
  "vert_positions": {
    "0": [
      0.6996429829514286,
      -4.917809188351729
    ],
    "1": [
      -1.8190707657692915,
      3.9070189094821224
    ],
    "2": [
      -2.201359097962184,
      -2.6417334877419085
    ],
    "3": [
      -3.503527551320923,
      -4.807753607606628
    ],
    "4": [
      -1.1441199175805714,
      -0.8517268764998871
    ],
    "5": [
      -2.4601095110739446,
      -3.4052042414018926
    ],
    "6": [
      4.31130324540222,
      -2.836272705499151
    ],
    "7": [
      1.4536499575141457,
      4.479322338882319
    ],
    "8": [
      -1.09324100812916,
      1.6148388871732582
    ],
    "9": [
      4.0871036406432975,
      -0.7469699329615516
    ],
    "10": [
      -1.7566560280995236,
      2.114305165561622
    ],
    "11": [
      1.7515491886618744,
      -2.631789749272757
    ],
    "12": [
      -3.13295754408478,
      -0.5739359992702511
    ],
    "13": [
      4.481515508229574,
      0.08960313199182668
    ],
    "14": [
      0.6396386386574262,
      -1.0881278581905383
    ],
    "15": [
      -2.4825206789995056,
      4.828263786465444
    ]
  },
  "agents": [
    0,
    1,
    2,
    3,
    4,
    5,
    6,
    7,
    8,
    9,
    10
  ],
  "starts": {
    "0": 7,
    "1": 10,
    "2": 9,
    "3": 2,
    "4": 5,
    "5": 13,
    "6": 12,
    "7": 3,
    "8": 15,
    "9": 0,
    "10": 8
  },
  "goals": {
    "0": 2,
    "1": 15,
    "2": 0,
    "3": 13,
    "4": 5,
    "5": 6,
    "6": 1,
    "7": 3,
    "8": 12,
    "9": 10,
    "10": 4
  },
  "size": 0.3
}