{
  "graph": {
    "0": [
      1,
      3,
      5,
      10,
      11,
      12
    ],
    "1": [
      0,
      5,
      6,
      7,
      8,
      12,
      14
    ],
    "12": [
      0,
      1,
      2,
      3,
      7,
      11
    ],
    "5": [
      0,
      1,
      14
    ],
    "10": [
      0,
      11,
      3
    ],
    "6": [
      8,
      1,
      14
    ],
    "2": [
      3,
      4,
      7,
      12,
      13
    ],
    "3": [
      0,
      2,
      10,
      11,
      12
    ],
    "7": [
      1,
      2,
      8,
      12,
      13,
      15
    ],
    "13": [
      2,
      4,
      15,
      7
    ],
    "4": [
      9,
      2,
      13,
      15
    ],
    "8": [
      1,
      6,
      7,
      9,
      15
    ],
    "9": [
      8,
      4,
      15
    ],
    "11": [
      0,
      3,
      10,
      12
    ],
    "14": [
      1,
      5,
      6
    ],
    "15": [
      4,
      7,
      8,
      9,
      13
    ]
  },
  "vert_positions": {
    "0": [
      1.5650422124566994,
      -1.9539761654112042
    ],
    "1": [
      0.2852983659802515,
      -1.8554376622134363
    ],
    "2": [
      3.8161665984051947,
      3.768607278004181
    ],
    "3": [
      4.223309753451121,
      -0.7902995766780148
    ],
    "4": [
      -1.896792309291182,
      2.412056327321956
    ],
    "5": [
      0.8075805626217729,
      -3.13059772716168
    ],
    "6": [
      -0.9061235959375402,
      -2.815675815578891
    ],
    "7": [
      0.5853152459497863,
      0.5028656815755213
    ],
    "8": [
      -2.219828094920441,
      -0.9646617160013928
    ],
    "9": [
      -2.839974603851645,
      1.3303083740168873
    ],
    "10": [
      3.0638306333507277,
      -3.0330596249951034
    ],
    "11": [
      4.590145196276243,
      -4.209792471580773
    ],
    "12": [
      2.474857200534405,
      -0.9329932208528842
    ],
    "13": [
      -1.1619334275979956,
      2.0682640291224184
    ],
    "14": [
      -3.0131351860363473,
      -4.448463877249884
    ],
    "15": [
      -2.0792390190097008,
      3.8975064606713463
    ]
  },
  "agents": [
    0,
    1,
    2,
    3,
    4,
    5,
    6,
    7,
    8,
    9,
    10,
    11
  ],
  "starts": {
    "0": 14,
    "1": 8,
    "2": 11,
    "3": 9,
    "4": 2,
    "5": 7,
    "6": 6,
    "7": 1,
    "8": 0,
    "9": 13,
    "10": 12,
    "11": 3
  },
  "goals": {
    "0": 14,
    "1": 6,
    "2": 8,
    "3": 7,
    "4": 15,
    "5": 9,
    "6": 11,
    "7": 3,
    "8": 1,
    "9": 2,
    "10": 13,
    "11": 10
  },
  "size": 0.3
}