{
  "graph": {
    "0": [
      3,
      6,
      7,
      8,
      15
    ],
    "7": [
      0,
      10,
      3,
      14
    ],
    "6": [
      0,
      8,
      12,
      15
    ],
    "15": [
      0,
      10,
      6
    ],
    "8": [
      0,
      5,
      6
    ],
    "1": [
      2,
      4,
      10,
      11,
      13
    ],
    "4": [
      1,
      2,
      9,
      11
    ],
    "11": [
      1,
      2,
      4
    ],
    "2": [
      1,
      11,
      4,
      13
    ],
    "13": [
      1,
      2
    ],
    "10": [
      1,
      3,
      15,
      7
    ],
    "3": [
      0,
      7,
      9,
      10,
      14
    ],
    "14": [
      9,
      3,
      7
    ],
    "5": [
      8,
      12
    ],
    "12": [
      5,
      6
    ],
    "9": [
      3,
      4,
      14
    ]
  },
  "vert_positions": {
    "0": [
      -1.8902951582813343,
      -3.4480221425104873
    ],
    "1": [
      3.634017477916773,
      1.8527106875382158
    ],
    "2": [
      2.7406464748918857,
      -1.0594525407293762
    ],
    "3": [
      -4.1648671662076255,
      -0.7397011424835229
    ],
    "4": [
      1.7691309612675088,
      0.48110789501369666
    ],
    "5": [
      1.6727104302709712,
      -4.38488162353159
    ],
    "6": [
      -0.34421561723955385,
      -2.917012028640978
    ],
    "7": [
      -2.342394996393915,
      -1.9955762506264216
    ],
    "8": [
      0.7064072398499892,
      -4.770596763044281
    ],
    "9": [
      -1.7948763677128907,
      3.142083823570456
    ],
    "10": [
      -1.0177009352839828,
      -0.35585503251003203
    ],
    "11": [
      2.202992446653899,
      -0.48397251752155235
    ],
    "12": [
      1.099847041336762,
      -3.866912599924104
    ],
    "13": [
      3.281139391051111,
      -2.117473929329834
    ],
    "14": [
      -3.476435090449508,
      -0.08855684666101915
    ],
    "15": [
      -0.9384966906171002,
      -1.6666578504071863
    ]
  },
  "agents": [
    0,
    1,
    2,
    3,
    4,
    5,
    6,
    7,
    8,
    9,
    10,
    11,
    12
  ],
  "starts": {
    "0": 1,
    "1": 12,
    "2": 3,
    "3": 8,
    "4": 10,
    "5": 4,
    "6": 6,
    "7": 13,
    "8": 7,
    "9": 11,
    "10": 9,
    "11": 5,
    "12": 2
  },
  "goals": {
    "0": 4,
    "1": 11,
    "2": 6,
    "3": 0,
    "4": 12,
    "5": 9,
    "6": 7,
    "7": 10,
    "8": 5,
    "9": 13,
    "10": 3,
    "11": 15,
    "12": 2
  },
  "size": 0.3
}