{
  "graph": {
    "0": [
      2,
      3,
      12,
      13
    ],
    "3": [
      0,
      2,
      11
    ],
    "2": [
      0,
      3,
      11,
      12,
      15
    ],
    "12": [
      0,
      2,
      13,
      7
    ],
    "1": [
      13,
      4,
      5,
      7
    ],
    "5": [
      1,
      4
    ],
    "4": [
      1,
      5,
      6
    ],
    "7": [
      1,
      6,
      9,
      12,
      14
    ],
    "15": [
      2,
      11,
      14
    ],
    "6": [
      9,
      10,
      4,
      7
    ],
    "9": [
      6,
      7,
      10,
      14
    ],
    "10": [
      6,
      8,
      9,
      14
    ],
    "8": [
      10,
      11
    ],
    "11": [
      8,
      2,
      3,
      15
    ],
    "14": [
      7,
      9,
      10,
      15
    ],
    "13": [
      0,
      1,
      12
    ]
  },
  "vert_positions": {
    "0": [
      -2.793629083447804,
      -4.7329664409806105
    ],
    "1": [
      2.8685159502390682,
      -0.765504752596212
    ],
    "2": [
      -1.9959339890760743,
      -1.670148861846501
    ],
    "3": [
      -3.622204792953575,
      -2.1525631802176437
    ],
    "4": [
      4.870304423951971,
      -0.18095954644236123
    ],
    "5": [
      3.771803310944483,
      0.6894493878802592
    ],
    "6": [
      1.7973614547284802,
      2.156100224713504
    ],
    "7": [
      0.7292086432275857,
      0.2291944814874185
    ],
    "8": [
      -4.506955469292333,
      4.966133717786459
    ],
    "9": [
      1.0078963289359146,
      2.4667249324391687
    ],
    "10": [
      0.46544971248395317,
      3.6775186441388072
    ],
    "11": [
      -4.820088143879815,
      -0.9141557988600644
    ],
    "12": [
      -0.5058653604825132,
      -1.5449826763171925
    ],
    "13": [
      2.0570872830655293,
      -4.429238267823194
    ],
    "14": [
      -1.6083144253053314,
      2.2515921243894557
    ],
    "15": [
      -1.754338132395643,
      0.6158853906800612
    ]
  },
  "agents": [
    0,
    1,
    2,
    3,
    4
  ],
  "starts": {
    "0": 4,
    "1": 15,
    "2": 10,
    "3": 13,
    "4": 9
  },
  "goals": {
    "0": 10,
    "1": 7,
    "2": 14,
    "3": 13,
    "4": 2
  },
  "size": 0.3
}