{
  "graph": {
    "0": [
      2,
      10,
      15,
      7
    ],
    "2": [
      0,
      8,
      9,
      15
    ],
    "7": [
      0,
      3,
      6,
      11
    ],
    "15": [
      0,
      8,
      2,
      9
    ],
    "1": [
      3,
      4,
      10,
      11,
      13,
      14
    ],
    "14": [
      1,
      11,
      4
    ],
    "11": [
      1,
      3,
      5,
      7,
      10,
      14
    ],
    "13": [
      1,
      4,
      12
    ],
    "9": [
      8,
      2,
      15
    ],
    "8": [
      9,
      2,
      4,
      15
    ],
    "3": [
      1,
      5,
      6,
      7,
      10,
      11
    ],
    "5": [
      11,
      3,
      6
    ],
    "6": [
      3,
      5,
      7
    ],
    "4": [
      8,
      1,
      13,
      14
    ],
    "10": [
      0,
      1,
      3,
      11,
      12
    ],
    "12": [
      10,
      13
    ]
  },
  "vert_positions": {
    "0": [
      3.969265568901484,
      3.4727654985288225
    ],
    "1": [
      0.22867219791077442,
      0.33010393067390265
    ],
    "2": [
      2.279796596023697,
      4.991452197869721
    ],
    "3": [
      2.8570941014976814,
      -4.827047402763675
    ],
    "4": [
      -3.2718045481487765,
      3.234068417273816
    ],
    "5": [
      3.886529839646096,
      -3.1301869685128003
    ],
    "6": [
      3.883888757572203,
      -1.4623960863052696
    ],
    "7": [
      4.102374512241939,
      0.3843472051090888
    ],
    "8": [
      -0.014047640749712542,
      3.295457959561505
    ],
    "9": [
      0.026158344318043092,
      4.994898730593819
    ],
    "10": [
      -3.9452059261869232,
      -4.876549388660205
    ],
    "11": [
      2.101059902470329,
      -0.2967948872980264
    ],
    "12": [
      -3.7663088138287595,
      -1.0222626582529193
    ],
    "13": [
      -2.7890900094467352,
      0.46074555549223284
    ],
    "14": [
      1.8043846079472727,
      0.6267711128204212
    ],
    "15": [
      0.7418219954826792,
      4.762909027245994
    ]
  },
  "agents": [
    0,
    1,
    2,
    3,
    4
  ],
  "starts": {
    "0": 5,
    "1": 11,
    "2": 2,
    "3": 10,
    "4": 7
  },
  "goals": {
    "0": 7,
    "1": 14,
    "2": 6,
    "3": 10,
    "4": 1
  },
  "size": 0.3
}