{
  "graph": {
    "0": [
      1,
      3,
      6,
      10,
      12
    ],
    "1": [
      0,
      9,
      10,
      12
    ],
    "10": [
      0,
      1,
      5,
      12,
      15
    ],
    "6": [
      0,
      3,
      14
    ],
    "2": [
      11,
      4,
      15,
      7
    ],
    "4": [
      2,
      11,
      7
    ],
    "11": [
      2,
      4,
      7,
      8
    ],
    "7": [
      2,
      4,
      8,
      11,
      13
    ],
    "15": [
      2,
      5,
      9,
      10
    ],
    "3": [
      0,
      6,
      8,
      13,
      14
    ],
    "8": [
      11,
      3,
      13,
      7
    ],
    "13": [
      3,
      7,
      8
    ],
    "14": [
      3,
      6
    ],
    "5": [
      9,
      10,
      15
    ],
    "9": [
      1,
      5,
      12,
      15
    ],
    "12": [
      0,
      9,
      10,
      1
    ]
  },
  "vert_positions": {
    "0": [
      1.0545228792463597,
      0.9573904249893523
    ],
    "1": [
      -0.8683539396100688,
      2.975613588218793
    ],
    "2": [
      -2.4539750475671895,
      -4.691050974033093
    ],
    "3": [
      4.849697290455039,
      -1.653404550190738
    ],
    "4": [
      -3.2590454275504066,
      -3.6537370402445135
    ],
    "5": [
      -3.531456521582761,
      4.4707699240898755
    ],
    "6": [
      4.801283008458615,
      1.6174481856411127
    ],
    "7": [
      0.42580018688424737,
      -3.3220510629228373
    ],
    "8": [
      1.4783057610444414,
      -3.166499009402526
    ],
    "9": [
      -4.80189163740817,
      4.101212046795833
    ],
    "10": [
      -1.578972417278639,
      2.6921235198928786
    ],
    "11": [
      0.005120340501659548,
      -3.9879991724755417
    ],
    "12": [
      0.3913302964122556,
      4.680013263176148
    ],
    "13": [
      2.1037829479525785,
      -4.524122370141387
    ],
    "14": [
      4.687660027427119,
      2.3925293374213483
    ],
    "15": [
      -3.7566151431417905,
      0.9817418126922774
    ]
  },
  "agents": [
    0,
    1,
    2,
    3,
    4
  ],
  "starts": {
    "0": 15,
    "1": 5,
    "2": 3,
    "3": 2,
    "4": 4
  },
  "goals": {
    "0": 6,
    "1": 5,
    "2": 14,
    "3": 1,
    "4": 10
  },
  "size": 0.3
}