{
  "graph": {
    "0": [
      6,
      7,
      8,
      11,
      15
    ],
    "11": [
      0,
      15,
      7
    ],
    "7": [
      0,
      8,
      11,
      15
    ],
    "15": [
      0,
      9,
      11,
      7
    ],
    "8": [
      0,
      10,
      6,
      7
    ],
    "6": [
      0,
      3,
      8,
      10,
      13
    ],
    "1": [
      3,
      12,
      5
    ],
    "5": [
      1,
      3,
      12
    ],
    "12": [
      1,
      2,
      4,
      5
    ],
    "3": [
      1,
      5,
      6,
      10,
      13
    ],
    "2": [
      9,
      4,
      12,
      14
    ],
    "9": [
      2,
      14,
      15
    ],
    "14": [
      9,
      2,
      4
    ],
    "4": [
      2,
      12,
      14
    ],
    "13": [
      10,
      3,
      6
    ],
    "10": [
      3,
      6,
      8,
      13
    ]
  },
  "vert_positions": {
    "0": [
      -3.9877431738912206,
      2.0290664933952938
    ],
    "1": [
      3.8852053549924346,
      -4.98642320097235
    ],
    "2": [
      3.29033542784018,
      2.699787009822745
    ],
    "3": [
      -0.1691323629694761,
      -3.628715554548154
    ],
    "4": [
      4.935903654850904,
      -0.07528613382627025
    ],
    "5": [
      2.4032875770976876,
      -3.2109320231517935
    ],
    "6": [
      -0.6482981838722681,
      -2.5785436874290157
    ],
    "7": [
      -3.4029468263970584,
      -0.24502947430880884
    ],
    "8": [
      -3.2443999874143326,
      -1.9666486820958817
    ],
    "9": [
      1.6727657640492977,
      0.7083745944126907
    ],
    "10": [
      -3.1859497923764204,
      -3.9439737265247454
    ],
    "11": [
      -2.597428617789004,
      0.25453739027394473
    ],
    "12": [
      4.463340527151978,
      -2.2730445794452825
    ],
    "13": [
      -1.1719685893037477,
      -3.993489502433886
    ],
    "14": [
      2.7271140131678715,
      -0.42333799899914837
    ],
    "15": [
      -1.22068034608363,
      0.24659280238903403
    ]
  },
  "agents": [
    0,
    1,
    2,
    3,
    4,
    5,
    6
  ],
  "starts": {
    "0": 15,
    "1": 14,
    "2": 4,
    "3": 13,
    "4": 10,
    "5": 8,
    "6": 2
  },
  "goals": {
    "0": 8,
    "1": 0,
    "2": 13,
    "3": 4,
    "4": 15,
    "5": 1,
    "6": 14
  },
  "size": 0.3
}