{
  "graph": {
    "0": [
      10,
      3,
      15,
      7
    ],
    "7": [
      0,
      1,
      10,
      13,
      15
    ],
    "15": [
      0,
      7
    ],
    "10": [
      0,
      7,
      13
    ],
    "1": [
      3,
      5,
      7,
      8,
      11,
      14
    ],
    "14": [
      11,
      1,
      3,
      5
    ],
    "5": [
      1,
      3,
      14
    ],
    "8": [
      1,
      2,
      4,
      11
    ],
    "11": [
      8,
      1,
      14
    ],
    "3": [
      0,
      1,
      5,
      14
    ],
    "2": [
      8,
      4,
      12,
      6
    ],
    "4": [
      8,
      9,
      2,
      12
    ],
    "12": [
      9,
      2,
      4,
      6
    ],
    "6": [
      2,
      12
    ],
    "9": [
      13,
      12,
      4
    ],
    "13": [
      9,
      10,
      7
    ]
  },
  "vert_positions": {
    "0": [
      -3.9085824995797633,
      -0.7837727984624063
    ],
    "1": [
      1.816009816479463,
      -1.9328900869920962
    ],
    "2": [
      3.7646835377909262,
      2.646374579018122
    ],
    "3": [
      0.16113761016307748,
      -4.722609329119298
    ],
    "4": [
      2.792330538094059,
      2.4234793810349426
    ],
    "5": [
      0.24522672576682325,
      -3.6646774141127825
    ],
    "6": [
      4.371956488021578,
      4.822009189676228
    ],
    "7": [
      -2.598856199238039,
      0.11166912446296084
    ],
    "8": [
      2.53193959423288,
      0.4066366163256765
    ],
    "9": [
      0.778599256326002,
      4.894734925696142
    ],
    "10": [
      -3.625750963729908,
      1.3549413944299555
    ],
    "11": [
      4.8006433087506934,
      -0.9199554798101426
    ],
    "12": [
      2.0147873137509293,
      3.300270339384898
    ],
    "13": [
      -1.8954985536615885,
      2.8153752576319366
    ],
    "14": [
      3.305822053704542,
      -1.9367851201484934
    ],
    "15": [
      -4.9707800876558075,
      -2.4547449400431565
    ]
  },
  "agents": [
    0,
    1,
    2,
    3,
    4,
    5,
    6,
    7
  ],
  "starts": {
    "0": 5,
    "1": 0,
    "2": 12,
    "3": 3,
    "4": 1,
    "5": 2,
    "6": 4,
    "7": 11
  },
  "goals": {
    "0": 6,
    "1": 10,
    "2": 4,
    "3": 2,
    "4": 11,
    "5": 12,
    "6": 0,
    "7": 13
  },
  "size": 0.3
}