{
  "graph": {
    "0": [
      9,
      3,
      7,
      15
    ],
    "9": [
      0,
      15
    ],
    "3": [
      0,
      8
    ],
    "15": [
      0,
      5,
      6,
      9
    ],
    "1": [
      2,
      4,
      7,
      10,
      12,
      13
    ],
    "2": [
      1,
      4,
      5,
      7
    ],
    "4": [
      1,
      2,
      5,
      10,
      11
    ],
    "13": [
      1,
      14
    ],
    "8": [
      3,
      7,
      12
    ],
    "5": [
      2,
      4,
      6,
      11,
      15
    ],
    "6": [
      11,
      5,
      15
    ],
    "11": [
      4,
      5,
      6,
      10
    ],
    "7": [
      0,
      1,
      2,
      8,
      12
    ],
    "12": [
      1,
      7,
      8
    ],
    "10": [
      1,
      11,
      4,
      14
    ],
    "14": [
      10,
      13
    ]
  },
  "vert_positions": {
    "0": [
      3.0047477726460574,
      0.31707762397329375
    ],
    "1": [
      -1.5163563177809278,
      2.1210541432275285
    ],
    "2": [
      -0.6645167235677274,
      2.0328368254531046
    ],
    "3": [
      0.8878361150196499,
      -1.0051904011778867
    ],
    "4": [
      -0.42522773186914886,
      3.620270385078557
    ],
    "5": [
      1.2509006510044731,
      3.0695168868246654
    ],
    "6": [
      1.936127626389493,
      3.6114923522470797
    ],
    "7": [
      -3.877460196056941,
      -2.2468357634185843
    ],
    "8": [
      -0.8544339229837226,
      -2.4838690909898684
    ],
    "9": [
      3.9750532593522543,
      -0.3027473097547171
    ],
    "10": [
      -1.7921842180815641,
      4.957520695989841
    ],
    "11": [
      0.5927355398800893,
      3.6989054317886154
    ],
    "12": [
      -4.339477944392009,
      -3.1759584277499786
    ],
    "13": [
      -3.8782198356414876,
      2.7879457806714463
    ],
    "14": [
      -3.7111509221668904,
      4.085181977705158
    ],
    "15": [
      4.228563816568087,
      2.8338998011690393
    ]
  },
  "agents": [
    0,
    1,
    2,
    3,
    4,
    5,
    6,
    7,
    8
  ],
  "starts": {
    "0": 7,
    "1": 1,
    "2": 6,
    "3": 4,
    "4": 13,
    "5": 2,
    "6": 15,
    "7": 3,
    "8": 9
  },
  "goals": {
    "0": 2,
    "1": 9,
    "2": 4,
    "3": 3,
    "4": 13,
    "5": 6,
    "6": 1,
    "7": 8,
    "8": 10
  },
  "size": 0.3
}