{
  "graph": {
    "0": [
      1,
      2,
      4,
      9,
      15
    ],
    "1": [
      0,
      5,
      8,
      9,
      13
    ],
    "15": [
      0,
      4
    ],
    "9": [
      0,
      1,
      4
    ],
    "2": [
      0,
      3,
      8,
      11,
      12
    ],
    "5": [
      1,
      6,
      7,
      8,
      13,
      14
    ],
    "13": [
      1,
      5,
      6
    ],
    "11": [
      2,
      3,
      12
    ],
    "3": [
      2,
      11,
      12
    ],
    "12": [
      2,
      3,
      10,
      11
    ],
    "4": [
      0,
      9,
      15
    ],
    "6": [
      5,
      13
    ],
    "7": [
      8,
      10,
      5,
      14
    ],
    "14": [
      5,
      7,
      8,
      10
    ],
    "10": [
      7,
      8,
      12,
      14
    ],
    "8": [
      1,
      2,
      5,
      7,
      10,
      14
    ]
  },
  "vert_positions": {
    "0": [
      2.3275904763309523,
      -3.0809055425217426
    ],
    "1": [
      2.003586763064094,
      -0.955232300095048
    ],
    "2": [
      -0.1986203764671206,
      -2.7423118553814807
    ],
    "3": [
      -1.6237823830982867,
      -4.389849933084237
    ],
    "4": [
      4.897125739438069,
      -0.977122827797146
    ],
    "5": [
      1.3800764878571323,
      0.5826625806989982
    ],
    "6": [
      2.4006652822506194,
      3.3004440476894654
    ],
    "7": [
      -3.2205737969719825,
      3.833478182412259
    ],
    "8": [
      -0.9212733618475788,
      -0.6948846192964577
    ],
    "9": [
      2.838098461583317,
      -0.5948334163161277
    ],
    "10": [
      -4.750586293119275,
      0.03288023747277258
    ],
    "11": [
      -0.8727401092182685,
      -4.32053604512534
    ],
    "12": [
      -3.72663885671788,
      -4.1744281649594654
    ],
    "13": [
      1.6070432169068782,
      1.3264620143950845
    ],
    "14": [
      -1.9664223788243107,
      3.4693884492289904
    ],
    "15": [
      4.514780893061351,
      -2.2831915938325964
    ]
  },
  "agents": [
    0,
    1,
    2,
    3,
    4,
    5,
    6,
    7,
    8,
    9,
    10,
    11,
    12,
    13
  ],
  "starts": {
    "0": 5,
    "1": 7,
    "2": 3,
    "3": 1,
    "4": 14,
    "5": 13,
    "6": 9,
    "7": 10,
    "8": 2,
    "9": 12,
    "10": 6,
    "11": 15,
    "12": 4,
    "13": 0
  },
  "goals": {
    "0": 14,
    "1": 4,
    "2": 15,
    "3": 10,
    "4": 11,
    "5": 13,
    "6": 8,
    "7": 0,
    "8": 6,
    "9": 1,
    "10": 9,
    "11": 3,
    "12": 5,
    "13": 12
  },
  "size": 0.3
}