{
  "graph": {
    "0": [
      3,
      6,
      7,
      13,
      14
    ],
    "7": [
      0,
      1,
      3,
      6
    ],
    "6": [
      0,
      1,
      4,
      7
    ],
    "13": [
      0,
      4,
      5,
      10,
      14
    ],
    "1": [
      4,
      5,
      6,
      7,
      14
    ],
    "2": [
      8,
      9,
      11
    ],
    "11": [
      9,
      2,
      12
    ],
    "8": [
      9,
      2,
      3
    ],
    "9": [
      2,
      3,
      8,
      11,
      12
    ],
    "3": [
      8,
      0,
      9,
      7
    ],
    "4": [
      1,
      5,
      6,
      10,
      12,
      13
    ],
    "5": [
      1,
      10,
      4,
      13
    ],
    "10": [
      4,
      5,
      13,
      14,
      15
    ],
    "15": [
      10,
      14
    ],
    "12": [
      9,
      11,
      4
    ],
    "14": [
      0,
      1,
      10,
      13,
      15
    ]
  },
  "vert_positions": {
    "0": [
      4.372901296827861,
      0.17520793719334904
    ],
    "1": [
      0.5571878273133022,
      0.20290274278336895
    ],
    "2": [
      -2.083263912616542,
      -3.9972033187452984
    ],
    "3": [
      3.510345859828682,
      -4.274416826043358
    ],
    "4": [
      -1.420737854676518,
      1.7667470524400217
    ],
    "5": [
      -4.7287668526131785,
      3.244158552823885
    ],
    "6": [
      1.3421223982608765,
      -0.10299285110995271
    ],
    "7": [
      1.9704948479318283,
      -0.7230838250103302
    ],
    "8": [
      -0.034686983834781415,
      -3.6884676453505225
    ],
    "9": [
      -0.696274189831982,
      -2.32931962960751
    ],
    "10": [
      1.3187963216003995,
      4.566798585409311
    ],
    "11": [
      -3.843955500737172,
      -3.4859845383794297
    ],
    "12": [
      -3.9791075822219115,
      -0.4782087903549499
    ],
    "13": [
      1.7118859852988084,
      1.923464459524932
    ],
    "14": [
      4.709184799072016,
      3.858677076173505
    ],
    "15": [
      3.6871792865513697,
      4.902318563395973
    ]
  },
  "agents": [
    0,
    1,
    2,
    3,
    4,
    5,
    6,
    7,
    8,
    9,
    10,
    11,
    12,
    13
  ],
  "starts": {
    "0": 0,
    "1": 1,
    "2": 12,
    "3": 13,
    "4": 6,
    "5": 14,
    "6": 4,
    "7": 3,
    "8": 15,
    "9": 10,
    "10": 11,
    "11": 5,
    "12": 8,
    "13": 7
  },
  "goals": {
    "0": 11,
    "1": 5,
    "2": 2,
    "3": 7,
    "4": 1,
    "5": 15,
    "6": 12,
    "7": 13,
    "8": 9,
    "9": 3,
    "10": 4,
    "11": 6,
    "12": 14,
    "13": 10
  },
  "size": 0.3
}