{
  "graph": {
    "0": [
      3,
      6,
      15
    ],
    "6": [
      0,
      2,
      7
    ],
    "15": [
      0,
      1,
      5
    ],
    "3": [
      0,
      1,
      2,
      4
    ],
    "1": [
      3,
      4,
      5,
      8,
      11,
      12,
      15
    ],
    "11": [
      1,
      4,
      9
    ],
    "8": [
      1,
      14,
      9
    ],
    "5": [
      1,
      13,
      9,
      15
    ],
    "2": [
      3,
      4,
      6,
      7,
      10
    ],
    "7": [
      2,
      6
    ],
    "10": [
      2,
      4
    ],
    "4": [
      1,
      2,
      3,
      10,
      11,
      12
    ],
    "13": [
      9,
      5
    ],
    "14": [
      8,
      9
    ],
    "9": [
      5,
      8,
      11,
      13,
      14
    ],
    "12": [
      1,
      4
    ]
  },
  "vert_positions": {
    "0": [
      -3.2003041656914,
      2.4313319200981143
    ],
    "1": [
      -0.27108038887553665,
      -1.0236780686641467
    ],
    "2": [
      -3.939028326760483,
      -1.9782856491035758
    ],
    "3": [
      -1.9021517538760757,
      -0.8263379693015249
    ],
    "4": [
      -1.9938220092949646,
      -4.908372076699296
    ],
    "5": [
      0.6761858642740401,
      2.8355617501856836
    ],
    "6": [
      -4.40224632691481,
      0.13875325395798743
    ],
    "7": [
      -4.2989661251772056,
      -1.0677714908124756
    ],
    "8": [
      3.2955049585501897,
      0.687345681738071
    ],
    "9": [
      4.739592766033271,
      3.02331975091575
    ],
    "10": [
      -3.475270261380551,
      -3.797972643805977
    ],
    "11": [
      1.7896922072880281,
      -0.7661674885093497
    ],
    "12": [
      4.217509049438377,
      -4.894077537648052
    ],
    "13": [
      3.1010527107913237,
      3.432290700851791
    ],
    "14": [
      3.955969527146033,
      -0.5210389179494692
    ],
    "15": [
      -0.32851121841718367,
      2.2681106803788804
    ]
  },
  "agents": [
    0,
    1,
    2,
    3,
    4,
    5,
    6,
    7,
    8,
    9,
    10,
    11,
    12,
    13
  ],
  "starts": {
    "0": 12,
    "1": 14,
    "2": 15,
    "3": 5,
    "4": 10,
    "5": 11,
    "6": 4,
    "7": 7,
    "8": 9,
    "9": 2,
    "10": 13,
    "11": 0,
    "12": 1,
    "13": 3
  },
  "goals": {
    "0": 14,
    "1": 11,
    "2": 5,
    "3": 12,
    "4": 8,
    "5": 1,
    "6": 3,
    "7": 7,
    "8": 13,
    "9": 0,
    "10": 9,
    "11": 10,
    "12": 15,
    "13": 2
  },
  "size": 0.3
}