{
  "graph": {
    "0": [
      2,
      5
    ],
    "5": [
      0,
      6,
      7
    ],
    "2": [
      0,
      9,
      15
    ],
    "1": [
      10,
      11,
      12,
      13,
      14
    ],
    "14": [
      1,
      12,
      13
    ],
    "11": [
      1,
      10,
      12,
      15
    ],
    "13": [
      1,
      4,
      14
    ],
    "10": [
      1,
      6,
      9,
      11,
      12,
      15
    ],
    "9": [
      2,
      3,
      10,
      15
    ],
    "15": [
      2,
      9,
      10,
      11
    ],
    "3": [
      8,
      9,
      4
    ],
    "8": [
      3,
      4
    ],
    "4": [
      8,
      3,
      13
    ],
    "7": [
      5,
      6
    ],
    "6": [
      10,
      5,
      7
    ],
    "12": [
      1,
      10,
      11,
      14
    ]
  },
  "vert_positions": {
    "0": [
      0.14983189073739922,
      -4.73094322654263
    ],
    "1": [
      2.1326211899009975,
      2.5530555634698544
    ],
    "2": [
      -1.8122442286613119,
      -2.5994362709863905
    ],
    "3": [
      -4.27424120680738,
      2.869019679243973
    ],
    "4": [
      -1.714942292733861,
      3.8694687299268793
    ],
    "5": [
      2.4599848178989685,
      -3.7051439395343486
    ],
    "6": [
      3.746217703005435,
      -2.0416839914617944
    ],
    "7": [
      4.364494512824148,
      -2.9808338078357965
    ],
    "8": [
      -4.907076585015812,
      4.045620192262524
    ],
    "9": [
      -0.07652435226759291,
      -1.1446172268888235
    ],
    "10": [
      2.0484210982487996,
      0.5596578816213231
    ],
    "11": [
      1.3373513320516492,
      1.3224734612255373
    ],
    "12": [
      4.37001289066618,
      1.9110945869952314
    ],
    "13": [
      1.138224733556914,
      3.911905661160036
    ],
    "14": [
      2.0626565464039164,
      3.9752497265191007
    ],
    "15": [
      0.7410976362724808,
      -0.579166898077764
    ]
  },
  "agents": [
    0,
    1,
    2,
    3,
    4,
    5,
    6,
    7,
    8,
    9,
    10,
    11,
    12,
    13
  ],
  "starts": {
    "0": 6,
    "1": 13,
    "2": 5,
    "3": 15,
    "4": 14,
    "5": 2,
    "6": 0,
    "7": 8,
    "8": 1,
    "9": 9,
    "10": 10,
    "11": 7,
    "12": 4,
    "13": 3
  },
  "goals": {
    "0": 13,
    "1": 15,
    "2": 5,
    "3": 4,
    "4": 2,
    "5": 9,
    "6": 11,
    "7": 0,
    "8": 10,
    "9": 3,
    "10": 7,
    "11": 8,
    "12": 1,
    "13": 6
  },
  "size": 0.3
}