{
  "graph": {
    "0": [
      9,
      10,
      6
    ],
    "10": [
      0,
      8
    ],
    "9": [
      0,
      6
    ],
    "6": [
      0,
      3,
      9,
      12
    ],
    "1": [
      8,
      13,
      15
    ],
    "13": [
      8,
      1
    ],
    "15": [
      1,
      2
    ],
    "8": [
      1,
      10,
      13
    ],
    "2": [
      4,
      5,
      11,
      14,
      15
    ],
    "11": [
      2,
      5,
      14
    ],
    "5": [
      2,
      3,
      7,
      11,
      14
    ],
    "3": [
      4,
      5,
      6,
      7
    ],
    "7": [
      3,
      4,
      5
    ],
    "4": [
      2,
      3,
      12,
      7
    ],
    "12": [
      4,
      6
    ],
    "14": [
      2,
      11,
      5
    ]
  },
  "vert_positions": {
    "0": [
      -4.308981972750093,
      -1.2787142023222966
    ],
    "1": [
      -2.6554523576213898,
      3.564983753872129
    ],
    "2": [
      -0.30079167140880614,
      2.0943263056491794
    ],
    "3": [
      2.3988584921603797,
      -0.8669095540870746
    ],
    "4": [
      2.910422332290887,
      -4.885883644608327
    ],
    "5": [
      1.457904503246441,
      0.5300079014159085
    ],
    "6": [
      -1.4807762871427546,
      -3.007413770156785
    ],
    "7": [
      3.0024034359855083,
      -1.8638732304307473
    ],
    "8": [
      -3.9129655471507077,
      2.8272919623637325
    ],
    "9": [
      -2.087509078984101,
      -2.552847275348743
    ],
    "10": [
      -4.49793816875253,
      0.9694534467353444
    ],
    "11": [
      1.1064336688428078,
      2.903655934919903
    ],
    "12": [
      -0.11198559712876133,
      -1.767053487842193
    ],
    "13": [
      -3.4941574583920243,
      3.843168392926433
    ],
    "14": [
      3.7866093396873843,
      3.4748591251532
    ],
    "15": [
      -1.522150923521297,
      4.229317805177532
    ]
  },
  "agents": [
    0,
    1,
    2,
    3,
    4,
    5,
    6,
    7,
    8,
    9,
    10,
    11,
    12,
    13
  ],
  "starts": {
    "0": 3,
    "1": 14,
    "2": 5,
    "3": 4,
    "4": 0,
    "5": 10,
    "6": 6,
    "7": 9,
    "8": 15,
    "9": 11,
    "10": 1,
    "11": 12,
    "12": 8,
    "13": 13
  },
  "goals": {
    "0": 1,
    "1": 0,
    "2": 8,
    "3": 10,
    "4": 6,
    "5": 13,
    "6": 4,
    "7": 9,
    "8": 7,
    "9": 3,
    "10": 2,
    "11": 15,
    "12": 14,
    "13": 5
  },
  "size": 0.3
}