{
  "graph": {
    "0": [
      3,
      6,
      7,
      8,
      13
    ],
    "13": [
      0,
      3,
      6,
      7,
      10
    ],
    "6": [
      0,
      3,
      13
    ],
    "3": [
      0,
      6,
      8,
      13
    ],
    "7": [
      0,
      10,
      13
    ],
    "1": [
      4,
      5,
      11,
      12,
      15
    ],
    "15": [
      1,
      10,
      9
    ],
    "5": [
      1,
      4
    ],
    "12": [
      1,
      2
    ],
    "4": [
      1,
      2,
      5,
      11,
      14
    ],
    "11": [
      1,
      2,
      4,
      14
    ],
    "2": [
      11,
      12,
      4,
      14
    ],
    "8": [
      0,
      3,
      14
    ],
    "14": [
      2,
      4,
      8,
      11
    ],
    "9": [
      10,
      15
    ],
    "10": [
      7,
      9,
      13,
      15
    ]
  },
  "vert_positions": {
    "0": [
      -0.239464386496115,
      4.608649374637059
    ],
    "1": [
      -0.2027066462510092,
      -2.9239598632789567
    ],
    "2": [
      1.7272739802581754,
      0.09665768290993171
    ],
    "3": [
      1.4517378458812757,
      4.935334489400127
    ],
    "4": [
      2.1385204039637493,
      -2.1251293830550235
    ],
    "5": [
      0.6294534611800415,
      -1.9727688602701745
    ],
    "6": [
      -1.6561341834324104,
      4.175886531020387
    ],
    "7": [
      -1.146379431438016,
      2.268261627774203
    ],
    "8": [
      4.862404641413509,
      4.709168578552985
    ],
    "9": [
      -2.8880315234132525,
      -3.7386874970505692
    ],
    "10": [
      -3.206285680225597,
      0.038139945818862486
    ],
    "11": [
      1.2624180932455893,
      -0.800450151272968
    ],
    "12": [
      0.4071158755567241,
      -0.642571635062053
    ],
    "13": [
      -1.0310416180857809,
      3.634790329416253
    ],
    "14": [
      4.063450244897579,
      0.9143088218930835
    ],
    "15": [
      -0.7623341439055764,
      -3.436290899344966
    ]
  },
  "agents": [
    0,
    1,
    2,
    3,
    4,
    5,
    6,
    7,
    8,
    9,
    10,
    11,
    12,
    13
  ],
  "starts": {
    "0": 15,
    "1": 5,
    "2": 7,
    "3": 3,
    "4": 2,
    "5": 6,
    "6": 10,
    "7": 9,
    "8": 11,
    "9": 13,
    "10": 14,
    "11": 0,
    "12": 8,
    "13": 4
  },
  "goals": {
    "0": 5,
    "1": 10,
    "2": 6,
    "3": 9,
    "4": 11,
    "5": 2,
    "6": 3,
    "7": 13,
    "8": 15,
    "9": 4,
    "10": 8,
    "11": 7,
    "12": 0,
    "13": 1
  },
  "size": 0.3
}