{
  "graph": {
    "0": [
      11,
      15,
      7
    ],
    "7": [
      0,
      6,
      13,
      15
    ],
    "15": [
      0,
      4,
      13,
      7
    ],
    "1": [
      10,
      12,
      4,
      14
    ],
    "12": [
      1,
      2,
      6
    ],
    "10": [
      1,
      4,
      9
    ],
    "14": [
      1,
      4,
      9
    ],
    "2": [
      8,
      12,
      5
    ],
    "5": [
      2,
      3,
      8
    ],
    "8": [
      2,
      3,
      5
    ],
    "3": [
      8,
      11,
      5,
      6
    ],
    "6": [
      3,
      7,
      11,
      12,
      13
    ],
    "4": [
      1,
      9,
      10,
      14,
      15
    ],
    "9": [
      10,
      4,
      14
    ],
    "13": [
      15,
      6,
      7
    ],
    "11": [
      0,
      3,
      6
    ]
  },
  "vert_positions": {
    "0": [
      0.3297403705675084,
      -4.111687092099134
    ],
    "1": [
      0.5783947076285294,
      2.6688705858228845
    ],
    "2": [
      -4.369429600690129,
      4.620330928442456
    ],
    "3": [
      -3.1824713398348106,
      -0.5836103631224132
    ],
    "4": [
      4.262280201021902,
      4.833683850858677
    ],
    "5": [
      -3.9382214303268057,
      2.3003150082302017
    ],
    "6": [
      -1.5404456990938629,
      -0.0014771639406738757
    ],
    "7": [
      0.3883423948940159,
      -4.911303431433299
    ],
    "8": [
      -2.842558390642812,
      2.393757321637773
    ],
    "9": [
      4.7929366346476225,
      1.8922966554038654
    ],
    "10": [
      1.5191206239539348,
      4.47977608245559
    ],
    "11": [
      -4.379384207418742,
      -3.8466090384651865
    ],
    "12": [
      0.053779298093196815,
      1.9528703902754083
    ],
    "13": [
      -0.15084736514704744,
      -1.5038071075349158
    ],
    "14": [
      3.4357994858462657,
      2.5693337732983252
    ],
    "15": [
      0.6665493074759468,
      -3.3196546416456254
    ]
  },
  "agents": [
    0,
    1,
    2,
    3,
    4,
    5,
    6,
    7,
    8,
    9,
    10,
    11,
    12,
    13
  ],
  "starts": {
    "0": 15,
    "1": 9,
    "2": 2,
    "3": 12,
    "4": 0,
    "5": 14,
    "6": 7,
    "7": 13,
    "8": 4,
    "9": 6,
    "10": 8,
    "11": 5,
    "12": 11,
    "13": 3
  },
  "goals": {
    "0": 7,
    "1": 10,
    "2": 9,
    "3": 14,
    "4": 12,
    "5": 6,
    "6": 8,
    "7": 4,
    "8": 3,
    "9": 1,
    "10": 11,
    "11": 2,
    "12": 5,
    "13": 15
  },
  "size": 0.3
}