{
  "graph": {
    "0": [
      11,
      10,
      3,
      13
    ],
    "3": [
      0,
      10,
      11,
      13
    ],
    "10": [
      0,
      3,
      6,
      15
    ],
    "1": [
      4,
      5,
      6,
      9,
      15
    ],
    "4": [
      1,
      5,
      9,
      12,
      14
    ],
    "5": [
      1,
      4,
      12,
      9
    ],
    "6": [
      1,
      10,
      15
    ],
    "15": [
      1,
      10,
      6
    ],
    "2": [
      8,
      11,
      7
    ],
    "8": [
      2,
      11,
      7
    ],
    "7": [
      8,
      2,
      14
    ],
    "14": [
      4,
      7,
      9
    ],
    "9": [
      1,
      4,
      5,
      12,
      14
    ],
    "12": [
      9,
      4,
      5
    ],
    "11": [
      0,
      2,
      3,
      8,
      13
    ],
    "13": [
      0,
      3,
      11
    ]
  },
  "vert_positions": {
    "0": [
      0.3777400466036509,
      -4.316059679320617
    ],
    "1": [
      -1.6619682030978264,
      0.42660539434034384
    ],
    "2": [
      2.8351968184600427,
      -0.4146952555449692
    ],
    "3": [
      0.8298229165771946,
      -3.406967017287501
    ],
    "4": [
      -0.8364872842893591,
      0.9399257939225194
    ],
    "5": [
      -2.7454793778461872,
      1.4487650774884564
    ],
    "6": [
      -3.0194471046637816,
      -0.670887314682739
    ],
    "7": [
      4.539966788916184,
      2.062572579134941
    ],
    "8": [
      4.619650234265714,
      -1.096237567758581
    ],
    "9": [
      -0.8090567258256947,
      4.892868798434527
    ],
    "10": [
      -0.823919754156945,
      -2.867530473944875
    ],
    "11": [
      4.588671615502992,
      -4.873402564548895
    ],
    "12": [
      -2.5262937682180597,
      3.6652251077471103
    ],
    "13": [
      2.3158532193178862,
      -4.065504643446167
    ],
    "14": [
      2.232970365175766,
      3.880627838362944
    ],
    "15": [
      -1.6341286245845588,
      -1.8983019211682972
    ]
  },
  "agents": [
    0,
    1,
    2,
    3,
    4,
    5,
    6,
    7,
    8,
    9,
    10,
    11,
    12,
    13
  ],
  "starts": {
    "0": 6,
    "1": 1,
    "2": 13,
    "3": 12,
    "4": 4,
    "5": 3,
    "6": 9,
    "7": 15,
    "8": 0,
    "9": 11,
    "10": 7,
    "11": 10,
    "12": 5,
    "13": 8
  },
  "goals": {
    "0": 7,
    "1": 2,
    "2": 8,
    "3": 13,
    "4": 10,
    "5": 12,
    "6": 3,
    "7": 11,
    "8": 15,
    "9": 0,
    "10": 6,
    "11": 4,
    "12": 1,
    "13": 14
  },
  "size": 0.3
}