{
  "graph": {
    "0": [
      2,
      11,
      5,
      7
    ],
    "7": [
      0,
      11
    ],
    "2": [
      0,
      5
    ],
    "11": [
      0,
      3,
      7,
      10
    ],
    "5": [
      0,
      2,
      6
    ],
    "1": [
      9,
      4,
      13,
      6
    ],
    "4": [
      1,
      13,
      9
    ],
    "13": [
      1,
      3,
      4,
      10,
      14
    ],
    "6": [
      1,
      5
    ],
    "9": [
      1,
      4
    ],
    "3": [
      10,
      11,
      12,
      13
    ],
    "10": [
      3,
      11,
      12,
      13
    ],
    "12": [
      8,
      10,
      3,
      15
    ],
    "8": [
      12,
      14,
      15
    ],
    "15": [
      8,
      12,
      14
    ],
    "14": [
      8,
      13,
      15
    ]
  },
  "vert_positions": {
    "0": [
      -3.067661802830558,
      2.783065870130063
    ],
    "1": [
      1.2519229446133364,
      1.1230677355328167
    ],
    "2": [
      -2.7435941029157105,
      4.4579921471378565
    ],
    "3": [
      -1.6432008095488069,
      -2.6472112956439786
    ],
    "4": [
      2.5871038427039057,
      1.3069098048175842
    ],
    "5": [
      -1.1754599454750814,
      4.345085782014969
    ],
    "6": [
      -0.1579256496586261,
      4.229440623408351
    ],
    "7": [
      -3.9301024346876545,
      1.4508733956932005
    ],
    "8": [
      3.4202103576101788,
      -4.239754150294608
    ],
    "9": [
      4.170384574905819,
      3.3354374376241758
    ],
    "10": [
      -1.051929960571253,
      -3.170518201619558
    ],
    "11": [
      -2.496555052219075,
      0.9274644437160164
    ],
    "12": [
      1.4919601580413655,
      -3.6452735766737465
    ],
    "13": [
      1.6931764574301011,
      -1.1085736189026543
    ],
    "14": [
      4.3389055183001215,
      -1.2731429396915797
    ],
    "15": [
      4.660102575237591,
      -3.885784214522776
    ]
  },
  "agents": [
    0,
    1,
    2,
    3,
    4,
    5,
    6,
    7,
    8,
    9,
    10,
    11,
    12,
    13
  ],
  "starts": {
    "0": 0,
    "1": 3,
    "2": 13,
    "3": 2,
    "4": 1,
    "5": 6,
    "6": 15,
    "7": 14,
    "8": 4,
    "9": 12,
    "10": 8,
    "11": 9,
    "12": 11,
    "13": 7
  },
  "goals": {
    "0": 10,
    "1": 0,
    "2": 12,
    "3": 9,
    "4": 1,
    "5": 5,
    "6": 14,
    "7": 13,
    "8": 8,
    "9": 2,
    "10": 3,
    "11": 11,
    "12": 7,
    "13": 4
  },
  "size": 0.3
}