{
  "graph": {
    "0": [
      11,
      4,
      13,
      14
    ],
    "11": [
      0,
      4
    ],
    "14": [
      0,
      4
    ],
    "4": [
      0,
      2,
      11,
      14
    ],
    "13": [
      0,
      9,
      2,
      6
    ],
    "1": [
      8,
      2,
      6,
      7
    ],
    "8": [
      1,
      2,
      5,
      7,
      10
    ],
    "7": [
      8,
      1
    ],
    "2": [
      1,
      3,
      4,
      5,
      6,
      8,
      13
    ],
    "6": [
      1,
      2,
      9,
      12,
      13
    ],
    "3": [
      2,
      10,
      12,
      5
    ],
    "10": [
      3,
      5,
      8
    ],
    "5": [
      8,
      2,
      10,
      3
    ],
    "9": [
      12,
      13,
      6,
      15
    ],
    "15": [
      9,
      12
    ],
    "12": [
      9,
      3,
      6,
      15
    ]
  },
  "vert_positions": {
    "0": [
      1.7843205601329535,
      3.4221684895340534
    ],
    "1": [
      1.3500159392520183,
      -1.7024679134144471
    ],
    "2": [
      0.048696848698882356,
      -0.41820127456301126
    ],
    "3": [
      -2.4578283630419264,
      -0.6701345405940264
    ],
    "4": [
      3.042276858210675,
      3.6192929721698626
    ],
    "5": [
      -3.607631079469625,
      -3.7913034563526082
    ],
    "6": [
      -0.22346598879959778,
      1.047288671491776
    ],
    "7": [
      2.5271033758734465,
      -2.077965346363463
    ],
    "8": [
      0.834924647485364,
      -2.3067519785845003
    ],
    "9": [
      -1.445317068045795,
      2.2951208900364684
    ],
    "10": [
      -2.576618341728265,
      -3.2487984462237227
    ],
    "11": [
      2.082544767368492,
      4.496783477626712
    ],
    "12": [
      -4.097928600998467,
      2.7020927084265427
    ],
    "13": [
      -0.15796579378636189,
      1.7461442388614206
    ],
    "14": [
      2.612891206120665,
      2.463309654095349
    ],
    "15": [
      -2.2588555189416426,
      2.262415750069799
    ]
  },
  "agents": [
    0,
    1,
    2,
    3,
    4,
    5,
    6,
    7,
    8,
    9,
    10,
    11,
    12,
    13
  ],
  "starts": {
    "0": 12,
    "1": 4,
    "2": 5,
    "3": 3,
    "4": 8,
    "5": 13,
    "6": 1,
    "7": 15,
    "8": 6,
    "9": 2,
    "10": 7,
    "11": 9,
    "12": 14,
    "13": 0
  },
  "goals": {
    "0": 10,
    "1": 12,
    "2": 1,
    "3": 5,
    "4": 7,
    "5": 15,
    "6": 13,
    "7": 6,
    "8": 4,
    "9": 0,
    "10": 8,
    "11": 2,
    "12": 11,
    "13": 14
  },
  "size": 0.3
}